-- phpMyAdmin SQL Dump
-- version 4.9.0.1
-- https://www.phpmyadmin.net/
--
-- Host: localhost
-- Generation Time: Mar 03, 2020 at 12:25 PM
-- Server version: 10.3.16-MariaDB
-- PHP Version: 7.1.31

SET SQL_MODE = "NO_AUTO_VALUE_ON_ZERO";
SET AUTOCOMMIT = 0;
START TRANSACTION;
SET time_zone = "+00:00";


/*!40101 SET @OLD_CHARACTER_SET_CLIENT=@@CHARACTER_SET_CLIENT */;
/*!40101 SET @OLD_CHARACTER_SET_RESULTS=@@CHARACTER_SET_RESULTS */;
/*!40101 SET @OLD_COLLATION_CONNECTION=@@COLLATION_CONNECTION */;
/*!40101 SET NAMES utf8mb4 */;

--
-- Database: `jhem_ess`
--

-- --------------------------------------------------------

--
-- Table structure for table `accounts`
--

CREATE TABLE `accounts` (
  `id` int(11) NOT NULL,
  `areas` int(11) NOT NULL,
  `account_name` varchar(128) NOT NULL,
  `complete_address` varchar(128) NOT NULL
) ENGINE=InnoDB DEFAULT CHARSET=utf8mb4;

--
-- Dumping data for table `accounts`
--

INSERT INTO `accounts` (`id`, `areas`, `account_name`, `complete_address`) VALUES
(1, 1, 'HAU', 'DUMMY'),
(2, 1, '4ANK GROCERY', 'Jake Gonzales Blvd, Angeles,Pampanga'),
(3, 1, 'ANALYN TOYS&CANDY STORE', 'Angeles City'),
(4, 1, 'APUNG SEYANG (HAU CANTEEN)', '1 Holy Angel St, Angeles, 2009 Pampanga'),
(5, 1, 'AUF FD', 'Manuel Roxas St, Angeles, 2009 Pampanga'),
(6, 1, 'AUF STA. BARBARA CANTEEN 2', 'Maria Soledad Ave, Angeles, Pampanga'),
(7, 1, 'B & B GRILL', 'Richthofen Street, Brgy Malabanias, Angeles, Pampanga'),
(8, 1, 'BEAUTY RULLZ', 'Angeles City'),
(9, 1, 'BIG THUMB D/S', 'Balibago, Angeles, Pampanga'),
(10, 1, 'BUY ONE/MORE MART', 'Angeles City'),
(11, 1, 'BUYMAXX ANGELES', 'Angeles City'),
(12, 1, 'CAFE JUAN CANTEEN', '1 Holy Angel St, Angeles, Pampanga'),
(13, 1, 'CG MART', 'Rizal St, Angeles, Pampanga'),
(14, 1, 'CJC CANDY STORE', 'Angeles City'),
(15, 1, 'DAMPA', 'Angeles City'),
(16, 1, 'DICKSON D/S', 'Aniceto Gueco St, Balibago, Angeles, Pampanga'),
(17, 1, 'DISPOSA UNO TRADING', 'Santo Entiero St, Angeles, Pampanga'),
(18, 1, 'FDT (AUF CANTEEN)', 'Manuel Roxas St, Angeles,  Pampanga'),
(19, 1, 'FEAST INTERNATIONAL BUFFET', 'SM City Clark, Clark Freeport, Angeles, Pampanga'),
(20, 1, 'FREEWAY S/M', 'Angeles City'),
(21, 1, 'FRESH/MINTS CANDY STORE', 'Angeles City'),
(22, 1, 'HIDAS', 'McArthur Highway Angeles City Pampanga'),
(23, 1, 'DANDAS PIZZA', '295-B Magalang Ave, Angeles, Pampanga'),
(24, 1, 'HOLY ANGEL (CAFE JUAN)', '1 Holy Angel St, Angeles, 2009 Pampanga'),
(25, 1, 'HOLY FAMILY ACADEMY NEW SITE', 'Fil-Am Friendship Hwy, Angeles, Pampanga'),
(26, 1, 'JCA TOYS/CANDIES', 'Angeles City'),
(27, 1, 'JENRA', 'Angeles City'),
(28, 1, 'JENRA MALL', 'Angeles City'),
(29, 1, 'JOHNNYS', '321, Sto. Rosario Street, Angeles,  Pampanga'),
(30, 1, 'KIM (HAU CANTEEN)', '1 Holy Angel St, Angeles,  Pampanga'),
(31, 1, 'KITCHEN BITES', 'Angeles City'),
(32, 1, 'LAPRING CANTEEN', 'Angeles City'),
(33, 1, 'MABUHAY DAMPA', 'Mc Arthur Highway, Angeles, 2009 Pampanga'),
(34, 1, 'MR JJ', '950 Fields Ave, Balibago, Angeles, Pampanga'),
(35, 1, 'PAMANGAN BARRIO', '1622 MacArthur Highway, Angeles, 2009 Pampanga'),
(36, 1, 'ROWENA NEPOMUCENO', 'Angeles City'),
(37, 1, 'ROWENA T. WONG', 'Angeles City'),
(38, 1, 'SACRED HEART MEDICAL CENTER', 'MacArthur Highway, Angeles, 2004 Pampanga'),
(39, 1, 'SAVEWISE ANGELES', 'Angeles City'),
(40, 1, 'SHAWABONGA GRILL', 'H Ventura Ave, Angeles, Pampanga'),
(41, 1, 'SHOPPER MART', 'Angeles City'),
(42, 1, 'SOY BURGER', '1 Holy Angel St, Angeles, 2009 Pampanga'),
(43, 1, 'ST MART', 'Jesus St, Angeles, Pampanga'),
(44, 1, 'TESS NEPOMUCENO', 'Angeles City'),
(45, 1, 'THREE ES TOyS CANDY STORE', '6006 Jesus St, Angeles, 2009 Pampanga'),
(46, 1, 'XYZA BAKERY', 'Angeles City'),
(47, 2, 'CHUZON S/M APALIT', 'Apalit'),
(48, 2, 'DD S SUPERMARKET', 'Apalit'),
(49, 2, 'KUSINA NG IMA', 'Mc Arthur Hi-way,, Apalit, Pampanga'),
(50, 2, 'RED CAMIA S/M  APALIT', 'Apalit'),
(51, 2, 'ST. ANNE PHARMACY', 'Apalit'),
(52, 2, 'ZENYANG', 'Apalit'),
(53, 10, 'ANEL', 'Bacolor'),
(54, 10, 'DARWIN', 'Bacolor'),
(55, 1, 'GROCETERIA S/M', 'Bacolor'),
(56, 10, 'JEFF CULBENGAN', 'Bacolor'),
(57, 10, 'JOHN FLORES', 'Bacolor'),
(58, 10, 'KURLOTE', 'Bacolor'),
(59, 10, 'LALAINE BALUYUT', 'Bacolor'),
(60, 10, 'MHEL LURES', 'Bacolor'),
(61, 10, 'MYLENE LURES', 'Bacolor'),
(62, 10, 'OXFORD', 'Bacolor'),
(63, 10, 'PORCI', 'Bacolor'),
(64, 10, 'RAV INFINITE TRADING', 'Bacolor'),
(65, 10, 'REBECA VELASCO', 'Bacolor'),
(66, 10, 'RONIE - MENU', 'Bacolor'),
(67, 10, 'ROSAURO MONTEVERDE', 'Bacolor'),
(68, 10, 'SIR EDWIN', 'Bacolor'),
(69, 10, 'SIR RON', 'Bacolor'),
(70, 3, 'ARNOLD-LHEN', 'Florida Blanca'),
(71, 3, 'CHUZON S/M FLORIDA', 'Florida Blanca'),
(72, 3, 'CONSA STORE', 'Florida Blanca'),
(73, 3, 'JACKYLE', 'Florida Blanca'),
(74, 3, 'JOKYLE', 'Florida Blanca'),
(75, 3, 'KM. 91 BAKESHOP', 'Florida Blanca'),
(76, 3, 'LUCING', 'Florida Blanca'),
(77, 3, 'NOEMI', 'Florida Blanca'),
(78, 3, 'ORANGE MART', 'Florida Blanca'),
(79, 11, 'BERNA DRUG STORE', 'Sto. Niño Guagua Pampanga, Guagua, 2003 Pampanga'),
(80, 11, 'BONG STORE MKT 7', 'Guagua'),
(81, 11, 'BUYMAXX GUAGUA', 'Guagua'),
(82, 11, 'CARLOS BABY MKT 8', 'Guagua'),
(83, 11, 'CHUZON S/M, GUAGUA', 'Guagua'),
(84, 11, 'CJN CANDY STORE MKT 8', 'Guagua'),
(85, 11, 'CORINA STORE', 'Guagua'),
(86, 11, 'CRISTY SARI SARI STORE MKT 3', 'Guagua'),
(87, 11, 'DIOSDADO STORE', 'Guagua'),
(88, 11, 'DORINA STORE MKT 8', 'Guagua'),
(89, 11, 'DURINA', 'Guagua'),
(90, 11, 'ELAINE STORE (BUKO)', 'Guagua'),
(91, 11, 'FEL STORE', 'Guagua'),
(92, 11, 'FHEL STORE', 'Guagua'),
(93, 11, 'GJN CANDY STORE', 'Guagua'),
(94, 11, 'M.S GROCERY MKT 7', 'Guagua'),
(95, 11, 'MARIVIC', 'Guagua'),
(96, 11, 'MAY STORE MKT 7', 'Guagua'),
(97, 11, 'NARING STORE', 'Guagua'),
(98, 11, 'NATSAMS', 'Guagua'),
(99, 11, 'PB GROCERY', 'National Road, Guagua, 2003 Pampanga'),
(100, 11, 'RODELYN STORE MKT 3', 'Guagua'),
(101, 11, 'RUBY STORE MKT 3', 'Guagua'),
(102, 11, 'SOS TRADING', 'Guagua'),
(103, 11, 'VESAGRO CORP.', 'Guagua'),
(104, 4, 'ANGIE', 'Lubao'),
(105, 4, 'ANGIE (GULAYAN)', 'Lubao'),
(106, 4, 'AURORA (GULAYAN)', 'Lubao'),
(107, 4, 'E DIWA STORE', 'Lubao'),
(108, 4, 'ELMER', 'Lubao'),
(109, 4, 'FLOR (GULAYAN)', 'Lubao'),
(110, 4, 'GEMMA STORE', 'Lubao'),
(111, 4, 'GNO SHOP & CARRY', 'St. start.cruz, Dr Jose P, Rizal Ave, Lubao, Pampanga'),
(112, 4, 'LETTYS MINIMART', 'Lubao'),
(113, 4, 'LUBAO SUPERMARKET', 'Jose Abad Santos Avenue, Lubao, 2005 Pampanga'),
(114, 4, 'LUNING (GULAYAN)', 'Jose Abad Santos Avenue, Lubao, Pampanga'),
(115, 4, 'MHEL STORE', 'Lubao'),
(116, 4, 'SAYONG STORE', 'Lubao'),
(117, 4, 'YHANS MARKETING', 'Lubao'),
(118, 5, 'JENRA DAU', 'Mac Arthur Highway, Dau, Mabalacat,Pampanga'),
(119, 5, 'FERNANDO', 'Mabalacat'),
(120, 5, 'LOIDA EATERY', 'Mabalacat'),
(121, 5, 'SEYANG STORE', 'Mabalacat'),
(122, 5, 'TAPNIO STORE', 'Mabalacat'),
(123, 5, 'WILSON STORE', 'Mabalacat'),
(124, 5, 'F.B. IGNACIO 1 SUPERETTE INC', 'Mabalacat'),
(125, 6, 'BOTICA ACEJO', '2 Pablo Luciano Road, San Pedro I, Magalang, Pampanga'),
(126, 6, 'FCC DRUGSTORE', 'Magalang'),
(127, 6, 'RCS MAGALANG', 'Magalang'),
(128, 6, 'NELSON D/S', 'Magalang'),
(129, 6, 'DANSA MART', 'PORAC'),
(130, 6, 'MOTHER & CHILD PHAR', 'Angeles - Porac - Floridablanca - Dinalupihan Rd, Porac, Pampanga'),
(131, 12, 'A.R. FED', 'San Fernando'),
(132, 12, 'BACH N BARREL', 'San Fernando'),
(133, 12, 'BONG/CYNTHIA', 'San Fernando'),
(134, 12, 'BOTICA BLANCA', 'San Fernando'),
(135, 12, 'BUBOY kARINDERIAS', 'San Fernando'),
(136, 12, 'CELYS', 'Lazatin Boulevard, Dolores Extension, City of San Fernando, Pampanga'),
(137, 12, 'COLEGIO DE SEBASTIAN (CDS)', 'MacArthur Highway, San Fernando, 2000 Pampanga'),
(138, 12, 'CORA TALENS', 'Mac Arthur HighWay, Dolores, San Fernado City, 2000 Pampanga'),
(139, 12, 'DADA', 'San Fernando'),
(140, 12, 'DADDYS GALLEY', 'Lazatin Blvd, San Fernando, Pampanga'),
(141, 12, 'DES STORE', 'San Fernando'),
(142, 12, 'DINA', 'San Fernando'),
(143, 12, 'DIVINE CANTEEN', 'San Fernando'),
(144, 12, 'DPWH COOP CANTEEN', 'San Fernando'),
(145, 12, 'ESSEL SUPERMARKET', 'San Fernando'),
(146, 12, 'ESTER STORE', 'San Fernando'),
(147, 12, 'FARMACIA LIBERTAD', 'San Fernando'),
(148, 12, 'GARBES', 'San Fernando'),
(149, 12, 'HILDA', 'San Fernando'),
(150, 12, 'INFANT JESUS ACADEMY', 'San Fernando'),
(151, 12, 'J.A.N MINIMART', 'San Fernando'),
(152, 12, 'JC SICAT MARKETING', 'San Fernando'),
(153, 12, 'JENRA JASA', 'San Fernando'),
(154, 12, 'JENRA SINDALAN', 'San Fernando'),
(155, 12, 'JMER PHARMACY', 'San Fernando'),
(156, 12, 'JOEL DE LEON', 'San Fernando'),
(157, 12, 'KEIKO LUGAWAN', '145 General Hizon Avenue, San Fernando, Pampanga'),
(158, 12, 'LITTLE JOLLI D', 'Mac Arthur Hi-way, San Fernando, Pampanga'),
(159, 12, 'MARKET PRICE', 'Maligaya, San Fernando, Pampanga'),
(160, 12, 'MARLYN', 'Purok 3, 83 Mac Arthur Hiway, San Fernando,  Pampanga'),
(161, 12, 'MIYABE COURT', 'Lazatin Blvd, San Fernando, Pampanga'),
(162, 12, 'MYRNAS STORE', 'St. Benedict Subdivision, San Fernando, Pampanga'),
(163, 12, 'NEW ERA SCHOOL', 'MacArthur Highway, Manila N Rd, San Fernando, Pampanga'),
(164, 12, 'NOEL DE GUZMAN', 'San Fernando'),
(165, 12, 'OFFICE BUDGET GEN MDSE.', 'MacArthur Highway, Dolurez, San Fernando, Pampanga'),
(166, 12, 'REMSOR D/S', 'San Fernando'),
(167, 12, 'ROLLY MEAT SHOP', 'San Fernando'),
(168, 12, 'ROSE MARIE & THYMES', 'Peninsula Plaza, MacArthur Highway, San Fernando, Pampanga'),
(169, 12, 'SAN FERNANDINO CANTEEN', 'MacArthur Highway, San Fernando,Pampanga'),
(170, 12, 'SAN FERNANDINO HOSPITAL', 'MacArthur Highway, San Fernando, Pampanga'),
(171, 12, 'SOLALILA', 'San Fernando'),
(172, 12, 'SOUTHSTAR DRUG', 'San Fernando'),
(173, 12, 'ST. ANTHONY DRUG2', 'San Fernando'),
(174, 12, 'SUNSHINE S/M', 'San Fernando'),
(175, 12, 'SWEET & FANCY', 'McArthur Highway cor. Dolores Crossing, San Fernando, Pampanga'),
(176, 12, 'TITA SIOK FASTFOOD & RESTAURANT', 'Jose Abad Santos Avenue, San Fernando, '),
(177, 12, 'VEN-CAN', 'San Fernando'),
(178, 12, 'VESMART', 'Tagumpay Street, San Fernando, Pampanga'),
(179, 7, 'RCS STA. ANA', 'Sta. Ana'),
(180, 7, 'BUYMAXX STA.RITA', 'Sta. Rita'),
(181, 7, 'POL-SEN', 'Sta. Rita'),
(182, 7, 'RML GROCERY', 'Sta. Rita'),
(183, 13, 'ALJA PHARMACY', 'Sto. Tomas'),
(184, 13, 'CHUZON STO TOMAS', 'Sto. Tomas'),
(185, 13, 'NICK BATO MAMI', 'Sto. Tomas'),
(186, 13, 'SANDY MAMI', 'Sto. Tomas'),
(187, 8, 'RED CAMIA ARAYAT', 'ARAYAT'),
(188, 9, 'PUCARA', 'CLARK'),
(189, 14, '17-19 STORE', 'Tarlac'),
(190, 14, '218 STORE', 'Tarlac'),
(191, 14, '2R STORE', 'Tarlac'),
(192, 14, '3 SISTER', 'Tarlac'),
(193, 14, 'AAVILLO STORE', 'Tarlac'),
(194, 14, 'ABC MART', 'Tarlac'),
(195, 14, 'ADORING STORE', 'Tarlac'),
(196, 14, 'AGAPAO', 'Tarlac'),
(197, 14, 'AIC', 'Tarlac'),
(198, 14, 'AIZA STORE', 'Tarlac'),
(199, 14, 'AJ HEALTHCARE BRANCH 1', 'Tarlac'),
(200, 14, 'AJ HEALTHCARE MAIN', 'Tarlac'),
(201, 14, 'ALEA CHELSEA STORE', 'Tarlac'),
(202, 14, 'ALEX', 'Tarlac'),
(203, 14, 'ALISON STORE', 'Tarlac'),
(204, 14, 'ALJMAY', 'Tarlac'),
(205, 14, 'ALL J', 'Tarlac'),
(206, 14, 'ALL U NEED', 'Tarlac'),
(207, 14, 'ALLAN STORE', 'Tarlac'),
(208, 14, 'ALLEN DZONE STORE', 'Tarlac'),
(209, 14, 'ALMA STORE', 'Tarlac'),
(210, 14, 'ALMAREY STORE', 'Tarlac'),
(211, 14, 'ALVIE & ALBERT', 'Tarlac'),
(212, 14, 'AMALYN STORE', 'Tarlac'),
(213, 14, 'AMBER', 'Tarlac'),
(214, 14, 'AMY GALANG', 'Tarlac'),
(215, 14, 'ANA DELA CRUZ', 'Tarlac'),
(216, 14, 'ANAO HIGH SCHOOL', 'Tarlac'),
(217, 14, 'ANDRENICE PHAR.', 'Tarlac'),
(218, 14, 'ANGELINE', 'Tarlac'),
(219, 14, 'ANGELO STORE', 'Tarlac'),
(220, 14, 'ANGIE', 'Tarlac'),
(221, 14, 'ANNABEL STORE', 'Tarlac'),
(222, 14, 'ANNE', 'Tarlac'),
(223, 14, 'ANNIE', 'Tarlac'),
(224, 14, 'ANSON VARIETY', 'Tarlac'),
(225, 14, 'AQUILLO STORE', 'Tarlac'),
(226, 14, 'AQUINO STORE', 'Tarlac'),
(227, 14, 'ARBY', 'Tarlac'),
(228, 14, 'AR-BY DRUGSTORE', 'Tarlac'),
(229, 14, 'ARBY LAPAZ', 'Tarlac'),
(230, 14, 'JESSICA STORE', 'Tarlac'),
(231, 14, 'JJRM STORE', 'Tarlac'),
(232, 14, 'ARELI', 'Tarlac'),
(233, 14, 'ARIEL STORE', 'Tarlac'),
(234, 14, 'ARINSANA', 'Tarlac'),
(235, 14, 'ARLAN', 'Tarlac'),
(236, 14, 'ARTEMIS 1', 'Tarlac'),
(237, 14, 'ARTEMIS 2', 'Tarlac'),
(238, 14, 'ARTHUR ABRAHAM', 'Tarlac'),
(239, 14, 'ASHEDIDAH STORE', 'Tarlac'),
(240, 14, 'ASHLEY', 'Tarlac'),
(241, 14, 'ASUNCION', 'Tarlac'),
(242, 14, 'ATE VI STORE', 'Tarlac'),
(243, 14, 'AVILLANA STORE', 'Tarlac'),
(244, 14, 'AYEN-RAJ', 'Tarlac'),
(245, 14, 'B.S SAVER STORE', 'Tarlac'),
(246, 14, 'BABY GRACE STORE', 'Tarlac'),
(247, 14, 'BALDONADO', 'Tarlac'),
(248, 14, 'BALVIR STORE', 'Tarlac'),
(249, 14, 'BARTOLAY STORE', 'Tarlac'),
(250, 14, 'BASCO', 'CLDH, Romulo Boulevard, San Vicente, Tarlac City, '),
(251, 14, 'BEAM', 'Tarlac'),
(252, 14, 'BEL', 'Tarlac'),
(253, 14, 'BELA STORE', 'Tarlac'),
(254, 14, 'BELEN STORE', 'Tarlac'),
(255, 14, 'BELGRO PHARMACY', 'Tarlac'),
(256, 14, 'BELLA', 'Tarlac'),
(257, 14, 'BELLA SEBASTIAN', 'Tarlac'),
(258, 14, 'BELLY ABELLA', 'Tarlac'),
(259, 14, 'BELTRAN STORE', 'Tarlac'),
(260, 14, 'BERNS', 'Tarlac'),
(261, 14, 'BEST MART', 'Tarlac'),
(262, 14, 'BESTCROP', 'McArthur Highway, Corner Matatalaib Rd., Brgy. San Nicholas, Tarlac City,Tarlac'),
(263, 14, 'BETTY STORE', 'Tarlac'),
(264, 14, 'BIG A', 'Tarlac'),
(265, 14, 'BIG R STORE', 'Tarlac'),
(266, 14, 'BIN STORE', 'Tarlac'),
(267, 14, 'BONG STORE', 'Tarlac'),
(268, 14, 'BONUS', 'Tarlac'),
(269, 14, 'BOTICA SAN MANUEL', 'Tarlac'),
(270, 14, 'BOTICA STO CRISTO', 'Metro Town Mall, MacArthur Highway, Corner Sta. Rosa - Tarlac Road, Sto. Cristo, Tarlac City, Tarlac'),
(271, 14, 'BRENDNEL STORE', 'Tarlac'),
(272, 14, 'BUY & SAVE', 'Tarlac'),
(273, 14, 'CAHAMBING STORE', 'Tarlac'),
(274, 14, 'CALLENAS', 'Tarlac'),
(275, 14, 'CALOSO', 'Tarlac'),
(276, 14, 'CALOY', 'Tarlac'),
(277, 14, 'CAPILI', 'Tarlac'),
(278, 14, 'CAPIRAL', 'Tarlac'),
(279, 14, 'CARIAGA STORE', 'Tarlac'),
(280, 14, 'CARMEN', 'Tarlac'),
(281, 14, 'CASTRO', 'Tarlac'),
(282, 14, 'CASTRO STORE', 'Tarlac'),
(283, 14, 'CENY STORE', 'Tarlac'),
(284, 14, 'CES STORE', 'Tarlac'),
(285, 14, 'CHARITY', 'Tarlac'),
(286, 14, 'CHING', 'Tarlac'),
(287, 14, 'CHOLENG', 'Tarlac'),
(288, 14, 'CHUZON SUPERMARKET', 'Tarlac'),
(289, 14, 'CIAO', 'Tarlac'),
(290, 14, 'CJJV PHAR.', 'Tarlac'),
(291, 14, 'CKCEE MONCADA', 'Tarlac'),
(292, 14, 'CL DAVID', 'Tarlac'),
(293, 14, 'CLARISSA STORE', 'Tarlac'),
(294, 14, 'CLARITA STORE', 'Tarlac'),
(295, 14, 'CONDE', 'Tarlac'),
(296, 14, 'CONDRING STORE', 'Tarlac'),
(297, 14, 'CORPUZ BALBIN', 'Tarlac'),
(298, 14, 'CRISTY', 'Tarlac'),
(299, 14, 'DATU', 'Tarlac'),
(300, 14, 'DDD STORE', 'Tarlac'),
(301, 14, 'DE GUZMAN', 'Tarlac'),
(302, 14, 'DEBIE STORE', 'Tarlac'),
(303, 14, 'DEL CARMEN', 'Tarlac'),
(304, 14, 'DELIA STORE', 'Tarlac'),
(305, 14, 'DESCANZO', 'Tarlac'),
(306, 14, 'DIAMOND STORE', 'Tarlac'),
(307, 14, 'DIANZEN STORE', 'Tarlac'),
(308, 14, 'DIN', 'Tarlac'),
(309, 14, 'DIZON', 'Tarlac'),
(310, 14, 'DOLORES STORE', 'Tarlac'),
(311, 14, 'DORIA STORE', 'Tarlac'),
(312, 14, 'DORY', 'Tarlac'),
(313, 14, 'DUPAYA STORE', 'Tarlac'),
(314, 14, 'ECOMENICAL CITY', 'Tarlac'),
(315, 14, 'ED STORE', 'Tarlac'),
(316, 14, 'EDELOISE', 'Tarlac'),
(317, 14, 'EDGAR', 'Tarlac'),
(318, 14, 'ELEN SANTOS', 'Tarlac'),
(319, 14, 'ELENA STORE', 'Tarlac'),
(320, 14, 'ELLA STORE', 'Tarlac'),
(321, 14, 'ELMER', 'Tarlac'),
(322, 14, 'ELSIE', 'Tarlac'),
(323, 14, 'ELVIE STORE', 'Tarlac'),
(324, 14, 'EMA STORE', 'Tarlac'),
(325, 14, 'EMELDA STORE', 'Tarlac'),
(326, 14, 'EMGEL STORE', 'Tarlac'),
(327, 14, 'EMILY', 'Tarlac'),
(328, 14, 'ESTAVILLO STORE', 'Tarlac'),
(329, 14, 'ESTER', 'Tarlac'),
(330, 14, 'EXSON PM', 'Tarlac'),
(331, 14, 'EXSON TIBAG', 'The Market City, Ancheta St, Brgy. Mabini, Tarlac City, 2300 Tarlac'),
(332, 14, 'EYANG KAINAN', 'Tarlac'),
(333, 14, 'EYYORKS FARM SUPPLY', 'Tarlac'),
(334, 14, 'F.R.C', 'Tarlac'),
(335, 14, 'FB', 'Tarlac'),
(336, 14, 'FELICIANO STORE', 'Tarlac'),
(337, 14, 'FELY STORE', 'Tarlac'),
(338, 14, 'FERDIE STORE', 'Tarlac'),
(339, 14, 'FERMIN', 'Tarlac'),
(340, 14, 'FERNANDO PHARMACY', 'Tarlac'),
(341, 14, 'FERNANDO STORE', 'Tarlac'),
(342, 14, 'FERRER', 'Tarlac'),
(343, 14, 'FHER LAU', 'Tarlac'),
(344, 14, 'FILMER', 'Tarlac'),
(345, 14, 'FLOR STORE', 'Tarlac'),
(346, 14, 'FREDIE STORE', 'Tarlac'),
(347, 14, 'FUJI', 'Tarlac'),
(348, 14, 'G.A.J', 'Tarlac'),
(349, 14, 'GALANG', 'Tarlac'),
(350, 14, 'GALLENAS', 'Tarlac'),
(351, 14, 'GALOSO', 'Tarlac'),
(352, 14, 'GARABILLES', 'Tarlac'),
(353, 14, 'GARCIA', 'Tarlac'),
(354, 14, 'GENG-GENG STORE', 'Tarlac'),
(355, 14, 'GERRYS GRILL', 'MacArthur Highway, Tarlac City, Tarlac'),
(356, 14, 'GIGI AMOR', 'Blk. 106 lot 3 Brgy. Cristorey Capas, Tarlac City, 2315 Tarlac'),
(357, 14, 'GILBERT', 'Tarlac'),
(358, 14, 'GINA STORE', 'Tarlac'),
(359, 14, 'GIUANG', 'Tarlac'),
(360, 14, 'GLOREX MKTG.', 'Tarlac'),
(361, 14, 'GLORIA STORE', 'Tarlac'),
(362, 14, 'GLORY STORE', 'Tarlac'),
(363, 14, 'GOOD WILL', 'Tarlac'),
(364, 14, 'GRACE', 'Tarlac'),
(365, 14, 'GROSPE STORE', 'Tarlac'),
(366, 14, 'GUTIEREZ STORE', 'Tarlac'),
(367, 14, 'H.L QUIA STORE', 'Tarlac'),
(368, 14, 'HANNA STORE', 'Tarlac'),
(369, 14, 'HANSON QUE', 'Tarlac'),
(370, 14, 'HELEN', 'Tarlac'),
(371, 14, 'HELEN STORE', 'Tarlac'),
(372, 14, 'HENRY FIESTA', 'Tarlac'),
(373, 14, 'HILDIAN STORE', 'Tarlac'),
(374, 14, 'HILSAN STORE', 'Tarlac'),
(375, 14, 'HONEY-LYN STORE', 'Tarlac'),
(376, 14, 'HONGE', 'Tarlac'),
(377, 14, 'IAN', 'Tarlac'),
(378, 14, 'IBARRA STORE', 'Tarlac'),
(379, 14, 'ICE CANDY', 'Tarlac'),
(380, 14, 'IKCS', 'Tarlac'),
(381, 14, 'IRENE', 'Tarlac'),
(382, 14, 'ISABEL STORE', 'Tarlac'),
(383, 14, 'ISDN', 'Tarlac'),
(384, 14, 'IVY', 'Tarlac'),
(385, 14, 'JACKYLAINE', 'Tarlac'),
(386, 14, 'JADE STORE', 'Tarlac'),
(387, 14, 'JANET', 'Tarlac'),
(388, 14, 'JAYJETREJ PHARMACY', 'Tarlac'),
(389, 14, 'JC BOY', 'Tarlac'),
(390, 14, 'JCC STORE', 'Tarlac'),
(391, 14, 'JEILAN STORE', 'Tarlac'),
(392, 14, 'JEN', 'Tarlac'),
(393, 14, 'JEN YEN', 'Tarlac'),
(394, 14, 'JENNA STORE', 'Tarlac'),
(395, 14, 'JENNELYN STORE', 'Tarlac'),
(396, 14, 'JENNIFER STORE', 'Tarlac'),
(397, 14, 'JESS N NORRY', 'Tarlac'),
(398, 14, 'MAGIC STAR PANIQUI', 'Tarlac'),
(399, 14, 'JMART F TAÑEDO STREET', 'Tarlac'),
(400, 14, 'JOCELYN STORE', 'Tarlac'),
(401, 14, 'JOEL MONTANO', 'Tarlac'),
(402, 14, 'JOLLY STORE', 'Tarlac'),
(403, 14, 'JONI CASTRO', 'Tarlac'),
(404, 14, 'JOSEPH', 'Tarlac'),
(405, 14, 'JOSIE', 'Tarlac'),
(406, 14, 'JUANITA STORE', 'Tarlac'),
(407, 14, 'JULIA LOMI', 'Tarlac'),
(408, 14, 'JULIE STORE', 'Tarlac'),
(409, 14, 'JULIET', 'Tarlac'),
(410, 14, 'JUSTRISH', 'Tarlac'),
(411, 14, 'JUVY STORE', 'Tarlac'),
(412, 14, 'K STORE', 'Tarlac'),
(413, 14, 'K.Z', 'Tarlac'),
(414, 14, 'KABAYAN', 'Tarlac'),
(415, 14, 'KAMBAL', 'Tarlac'),
(416, 14, 'KARLO & KATHY', 'Tarlac'),
(417, 14, 'KASUKI', 'Tarlac'),
(418, 14, 'KEITH', 'Tarlac'),
(419, 14, 'KRIS-KAY STORE', 'Tarlac'),
(420, 14, 'KWIK-O MART', 'Tarlac'),
(421, 14, 'L & R STORE', 'Tarlac'),
(422, 14, 'LALY STORE', 'Tarlac'),
(423, 14, 'LANIE TAÑEDO', 'Tarlac'),
(424, 14, 'LAN-LYN STORE', 'Tarlac'),
(425, 14, 'LB LUCENT MARKETING', 'Tarlac'),
(426, 14, 'LEA STORE', 'LEA STORE'),
(427, 14, 'LEGASPI', 'Tarlac'),
(428, 14, 'LEONING STORE', 'Tarlac'),
(429, 14, 'LERMA STORE', 'Tarlac'),
(430, 14, 'LETTY STORE', 'Tarlac'),
(431, 14, 'LHEN STORE', 'Tarlac'),
(432, 14, 'LHET', 'Tarlac'),
(433, 14, 'LHYNNES', 'Tarlac'),
(434, 14, 'LIBAN STORE', 'Tarlac'),
(435, 14, 'LILIAN STORE', 'Tarlac'),
(436, 14, 'LIM STORE', 'Tarlac'),
(437, 14, 'LIMIAC', 'Tarlac'),
(438, 14, 'LINA STORE', 'Tarlac'),
(439, 14, 'LINDA', 'Tarlac'),
(440, 14, 'LINDA STORE', 'Tarlac'),
(441, 14, 'LITTLE SOFTY', 'Tarlac'),
(442, 14, 'LIZA', 'Tarlac'),
(443, 14, 'LKM', 'Tarlac'),
(444, 14, 'LMNC STORE', 'Tarlac'),
(445, 14, 'LOLITA VELASCO', 'Tarlac'),
(446, 14, 'LOLLY', 'Tarlac'),
(447, 14, 'LORETA', 'Tarlac'),
(448, 14, 'LORNA', 'St. Vincent Square, Hospital Dr, Barangay San Vicente, Tarlac City, 2300 Tarlac'),
(449, 14, 'LOU STORE', 'Tarlac'),
(450, 14, 'LUCING', 'Tarlac'),
(451, 14, 'LUNA', 'Tarlac'),
(452, 14, 'LUNDANG', 'Tarlac'),
(453, 14, 'LYDIA STORE', 'Tarlac'),
(454, 14, 'LYN STORE', 'Tarlac'),
(455, 14, 'LYZET', 'Tarlac'),
(456, 14, 'M TAÑEDO', 'Tarlac'),
(457, 14, 'M.L CORTEZ STORE', 'Tarlac'),
(458, 14, 'M.R LEAS', 'Tarlac'),
(459, 14, 'M3N STORE', 'Tarlac'),
(460, 14, 'MADAM PILI', 'Tarlac'),
(461, 14, 'MAGIC STAR MAIN', 'Cut-Cut 1st, Romulo Boulevard, Tarlac City, 2300 Tarlac'),
(462, 14, 'MAGIC STAR MATATALAIB', 'Tarlac'),
(463, 14, 'MALIGAYA VARIETY', 'Tarlac'),
(464, 15, 'MAMA MEL', 'Tarlac'),
(465, 14, 'MANARANG STORE', 'Tarlac'),
(466, 14, 'MANG BERT STORE', 'Tarlac'),
(467, 14, 'MANYAMAN', 'Tarlac'),
(468, 14, 'MANYAMAN', 'Tarlac'),
(469, 14, 'MARECAR STORE', 'Tarlac'),
(470, 14, 'MARETESS STORE', 'Tarlac'),
(471, 14, 'MARICAR STORE', 'Tarlac'),
(472, 14, 'MARICEL STORE', 'Tarlac'),
(473, 14, 'MARIE STORE', 'Tarlac'),
(474, 14, 'MARILOU STORE', 'Tarlac'),
(475, 14, 'MARISA STORE', 'Tarlac'),
(476, 14, 'MARITES', 'Tarlac'),
(477, 14, 'MARIVIC', 'Tarlac'),
(478, 14, 'MAR-MINI', 'Tarlac'),
(479, 14, 'MARZAN STORE', 'Tarlac'),
(480, 14, 'MAYNOY', 'Tarlac'),
(481, 14, 'MEDICLARUS PHARMACY', 'Tarlac'),
(482, 14, 'MELANDREW', 'Tarlac'),
(483, 14, 'MELANIE STORE', 'Tarlac'),
(484, 14, 'MELCAS PHARMACY', 'Tarlac'),
(485, 14, 'MERMA STORE', 'Tarlac'),
(486, 14, 'METZ STORE', 'Tarlac'),
(487, 14, 'MHAE', 'Tarlac'),
(488, 14, 'MICHELLE STORE', 'Tarlac'),
(489, 14, 'MIDTOWN', 'Tarlac'),
(490, 14, 'MILANDRO STORE', 'Tarlac'),
(491, 14, 'MILLET STORE', 'Tarlac'),
(492, 14, 'MINERVA', 'Tarlac'),
(493, 14, 'MIROLS', 'Tarlac'),
(494, 14, 'ML CORTEZ PHAR.', 'Tarlac'),
(495, 14, 'MLC STORE', 'Tarlac'),
(496, 14, 'MYRNA', 'Tarlac'),
(497, 14, 'NANCY STORE', 'Tarlac'),
(498, 14, 'NANITA MACUGAY', 'Tarlac'),
(499, 14, 'NARCISO', 'Tarlac'),
(500, 14, 'NATIVIDAD', 'Tarlac'),
(501, 14, 'NAVARRO', 'Tarlac'),
(502, 14, 'NELS', 'Tarlac'),
(503, 14, 'NELY STORE', 'Tarlac'),
(504, 14, 'NENA', 'Tarlac'),
(505, 14, 'NENE STORE', 'Tarlac'),
(506, 14, 'NENENGS', 'Tarlac'),
(507, 14, 'NENZ STORE', 'Tarlac'),
(508, 14, 'NESS STORE', 'Tarlac'),
(509, 14, 'NEW ERA 1', 'Tarlac'),
(510, 14, 'NEW ERA 2', 'Tarlac'),
(511, 14, 'NG BAY', 'Tarlac'),
(512, 14, 'NHER JOY', 'Tarlac'),
(513, 14, 'NILDA STORE', 'Tarlac'),
(514, 14, 'NML PHARMACY', 'Tarlac'),
(515, 14, 'NOIME STORE', 'Tarlac'),
(516, 14, 'NOIMI', 'Tarlac'),
(517, 14, 'NORMA STORE', 'Tarlac'),
(518, 14, 'NOVIDA STORE', 'Tarlac'),
(519, 14, 'OCAMPO', 'Tarlac'),
(520, 14, 'PACING', 'Tarlac'),
(521, 14, 'PANGAN STORE', 'Tarlac'),
(522, 14, 'PARK WAY', 'Tarlac'),
(523, 14, 'PETZ STORE', 'Tarlac'),
(524, 14, 'PITZ STORE', 'Tarlac'),
(525, 14, 'PMB STORE', 'Tarlac'),
(526, 14, 'PONCE-DEL', 'Tarlac'),
(527, 14, 'PREMERO STORE', 'Tarlac'),
(528, 14, 'PRINCESS', 'Tarlac'),
(529, 14, 'QUENIE STORE', 'Tarlac'),
(530, 14, 'QUIA', 'Tarlac'),
(531, 14, 'QUISMORIO', 'Tarlac'),
(532, 14, 'RAQUEL STORE', 'Tarlac'),
(533, 14, 'RCS ANCHETA', 'Tarlac'),
(534, 14, 'RCS TAÑEDO', 'Tarlac'),
(535, 14, 'REA STORE', 'Tarlac'),
(536, 14, 'REAL CHOICE VARIETY', 'Tarlac'),
(537, 14, 'REBECA STORE', 'Tarlac'),
(538, 14, 'RECARDO STORE', 'Tarlac'),
(539, 14, 'REGUINDIN', 'Tarlac'),
(540, 14, 'RESHA', 'Tarlac'),
(541, 14, 'REVAMONTE', 'Tarlac'),
(542, 14, 'REY', 'Tarlac'),
(543, 14, 'REY STORE', 'Tarlac'),
(544, 14, 'REYAN STORE', 'Tarlac'),
(545, 14, 'REYES', 'Tarlac'),
(546, 14, 'RICARDO STORE', 'Tarlac'),
(547, 14, 'RITA', 'Tarlac'),
(548, 14, 'ROGER STORE', 'Tarlac'),
(549, 14, 'ROLDAN STORE', 'Tarlac'),
(550, 14, 'ROMY STORE', 'Tarlac'),
(551, 14, 'ROSE STORE', 'Tarlac'),
(552, 14, 'ROSELLE', 'Tarlac'),
(553, 14, 'ROSIE', 'Tarlac'),
(554, 14, 'ROSSANA', 'Tarlac'),
(555, 14, 'ROVINA STORE', 'Tarlac'),
(556, 14, 'ROVINIA', 'Tarlac'),
(557, 14, 'ROXANE STORE', 'Tarlac'),
(558, 14, 'RUBY STORE', 'Tarlac'),
(559, 14, 'RUTH STORE', 'Tarlac'),
(560, 14, 'RZ', 'Tarlac'),
(561, 14, 'SABAT STORE', 'Tarlac'),
(562, 14, 'SALEM', 'Tarlac'),
(563, 14, 'SALES STORE', 'Tarlac'),
(564, 14, 'SALUDEZ STORE', 'Tarlac'),
(565, 14, 'SAN RICARDO', 'Tarlac'),
(566, 14, 'SANTOS', 'Tarlac'),
(567, 14, 'SARAH STORE', 'Tarlac'),
(568, 14, 'SEC STORE', 'Tarlac'),
(569, 14, 'SHALIMAS', 'Tarlac'),
(570, 14, 'SHARON', 'Tarlac'),
(571, 14, 'SILVER GOLD', 'Tarlac'),
(572, 14, 'SOLIVEN STORE', 'Tarlac'),
(573, 14, 'SOPHIA', 'Tarlac'),
(574, 14, 'SOPING STORE', 'Tarlac'),
(575, 14, 'SPY', 'Tarlac'),
(576, 14, 'ST. BALAGUER PHAR.', 'Tarlac'),
(577, 14, 'STEPHANIE', 'Tarlac'),
(578, 14, 'STEW', 'Tarlac'),
(579, 14, 'T.G.P', 'Tarlac'),
(580, 14, 'T.L NAVARRO', 'Tarlac'),
(581, 14, 'T.S BAYANGOS STORE', 'Tarlac'),
(582, 14, 'TACLIAD STORE', 'Tarlac'),
(583, 14, 'TAYAG', 'Tarlac'),
(584, 14, 'TELBEN STORE', 'Tarlac'),
(585, 14, 'TESSIE STORE', 'Tarlac'),
(586, 14, 'TINDAHAN NI RUTH', 'Tarlac'),
(587, 14, 'TIN-TIN STORE', 'Tarlac'),
(588, 14, 'TITA LETS STORE', 'Tarlac'),
(589, 14, 'TUBIG', 'Tarlac'),
(590, 14, 'VALDEZ STORE', 'Tarlac'),
(591, 14, 'VENTURA', 'Tarlac'),
(592, 14, 'VICENTE PHARMACY', 'Tarlac'),
(593, 14, 'VICTORIA', 'Tarlac'),
(594, 14, 'VICTORINO', 'Tarlac'),
(595, 14, 'VILMA', 'Tarlac'),
(596, 14, 'VINUYA', 'Tarlac'),
(597, 14, 'V-TWINS STORE', 'Tarlac'),
(598, 14, 'WENG STORE', 'Tarlac'),
(599, 14, 'WILGHINS', 'Tarlac'),
(600, 14, 'WILMA', 'Tarlac'),
(601, 14, 'WRR STORE', 'Tarlac'),
(602, 14, 'XLEA CHELSEA', 'Tarlac'),
(603, 14, 'YANA STORE', 'Tarlac'),
(604, 14, 'YANGO STORE', 'Tarlac'),
(605, 14, 'YET', 'Tarlac'),
(606, 14, 'YHAN-YHAN PHAR.', 'Tarlac'),
(607, 14, 'YOLLY', 'Tarlac'),
(608, 14, 'YOLLY STORE', 'Tarlac'),
(609, 14, 'ZENAIDA', 'ZENAIDA'),
(610, 14, 'ZOEY ANDRI', 'Tarlac'),
(611, 14, 'BIG A', 'Tarlac'),
(612, 14, 'DMB STORE', 'Tarlac'),
(613, 15, 'SAVEWISE CAMILING 2 SM', 'CAMILING'),
(614, 15, 'SAVEWISE CAMILING SM', 'CAMILING'),
(615, 15, 'TRIPLE S CAMILING', 'CAMILING'),
(616, 15, 'VHIAS S/M', '30 Arellano St, Camiling, 2306 Tarlac'),
(617, 16, 'BOTICA VILLAFUERTE', 'Jaena, Concepcion, Tarlac'),
(618, 16, 'AMD STORE', 'L Cortez Street, Vintar, Conception, 2316'),
(619, 16, 'PUREGOLD PRICE CLUB, INC.', 'Concepcion'),
(620, 16, 'RCS CONCEPCION', 'Timbol St, Concepcion, Tarlac'),
(621, 16, 'RCS CONCEPCION2', 'A. Luna St, Concepcion, Tarlac'),
(622, 16, 'LM STORE', 'Concepcion, Tarlac'),
(623, 17, 'ALICE STORE', 'Gerona'),
(624, 17, 'BALBIN CORPUZ', 'Gerona'),
(625, 17, 'CHUZON SUPERMARKET', 'Gerona'),
(626, 17, 'ELENA ARCIAGA STORE', 'Gerona'),
(627, 17, 'ERLINDA', 'Gerona'),
(628, 17, 'ERNA STORE', 'Gerona'),
(629, 17, 'LUZ STORE', 'Gerona'),
(630, 17, 'MILLO STORE', 'Gerona'),
(631, 17, 'MLC STORE', 'Gerona'),
(632, 17, 'ROGER STORE', 'Gerona'),
(633, 17, 'ST. REMEDIOS', 'Gerona'),
(634, 17, 'CHUZON GERONA', 'Gerona'),
(635, 17, 'RJ MINIMART GERONA', 'Gerona'),
(636, 17, 'EVELYN STORE', 'Gerona Public Market, Don Federico Bartolome Street, Gerona, 2302 Tarlac'),
(637, 18, 'CERVANTES TRDG', 'Cervantes Building, M.H. Del Pilar St, Paniqui, 2307 Tarlac'),
(638, 18, 'GENG STORE', 'Paniqui'),
(639, 18, 'PANIQUI MART', 'Paniqui'),
(640, 18, 'RED CAMIA S/M PANIQUI', 'Zamora St, Paniqui, Tarlac'),
(641, 18, 'WC STORE', 'Paniqui'),
(642, 18, 'SUPNET PASION', 'Paniqui'),
(643, 18, 'TANHOK S/M', 'Paniqui'),
(644, 19, 'SAVEWISE STA IGNACIA', 'Romulo Hwy, Santa Ignacia, Tarlac'),
(645, 19, 'RJ MINIMART IGNACIA', 'Ignacia, Tarlac'),
(646, 20, 'RCS CAPAS', 'MacArthur Highway, Capas, Tarlac'),
(647, 20, 'UNISTAR CAPAS', 'MacArthur Highway, Capas, 2315 Tarlac'),
(648, 20, 'BOTICA CAPAS', 'Public Market, Poblacion, Capas, Tarlac City'),
(649, 20, 'EMY', 'Block 48, Lot 171 Zamora St, Capas, Tarlac'),
(650, 20, 'PASAMONTE', 'Capas, Tarlac'),
(651, 20, 'PASCUA STORE', 'Capas, Tarlac'),
(652, 20, 'PUNSALAN PHARMACY', 'Capas, Tarlac'),
(653, 20, 'PUREGOLD PRICE CLUB, INC.', '1930 Manila N Rd, Capas, Tarlac'),
(654, 20, 'QUILALA STORE', 'Capas, Tarlac'),
(655, 20, 'RYANCEY', 'Sto. Rosario St, Capas, Tarlac'),
(656, 21, '7 STAR STORE', 'Moncada'),
(657, 21, 'ANGELITA STORE', 'Moncada'),
(658, 21, 'ARIEL STORE', 'Moncada'),
(659, 21, 'ELSA STORE', 'Moncada'),
(660, 21, 'EVA STORE', 'Moncada'),
(661, 21, 'MYRNA STORE', 'Lakay Compound Gamotea St San Leon., Farm Rd, Moncada, Tarlac'),
(662, 21, 'S & S', 'Moncada'),
(663, 21, 'SALINAS', 'Moncada'),
(664, 21, 'WIN FAIR', 'Moncada'),
(665, 21, 'DINA', 'Moncada'),
(666, 21, 'WinFair', 'Moncada'),
(667, 21, 'MJ', 'Manor, Moncada, 2308 Tarlac'),
(668, 22, 'SUSAN', 'Delos Reyes Street, Brgy La Paz Bamban, Tarlac'),
(669, 22, 'ABC BAMBAN', 'Bamban, Tarlac'),
(670, 22, 'HILLTOP', 'Sitio Mano, Bamban, Tarlac'),
(671, 22, 'JUNS MART', 'MacArthur Highway, Bamban, 2317 Tarlac'),
(672, 22, 'MHEL STORE', 'Bamban, Tarlac'),
(673, 23, 'ARBY VICTORIA', 'Victoria, Tarlac'),
(674, 23, 'RCS VICTORIA', 'Victoria, Tarlac'),
(675, 23, 'RJ MINIMART VICTORIA', 'Victoria, Tarlac'),
(676, 26, 'RCS MANGATAREM', 'MANGATAREM, Pangasinan'),
(677, 25, 'VMJ PHARMACY', 'RAMOS, TARLAC'),
(678, 24, 'VILLEGAS STORE', 'Mayantoc, Tarlac'),
(679, 27, 'RCS BULACAN', 'San Miguel '),
(680, 27, 'DIRECT WAY', '23 M De Leon St, Santa Maria,Bulacan '),
(681, 27, 'GRAND UNION SUPERMARKET, INC. ', 'MALOLOS BULACAN'),
(682, 31, 'DIVIMART GUIGUINTO', 'Guiguinto, Bulacan '),
(683, 32, 'DIVIMART ANGAT', 'Angat, Bulacan '),
(684, 33, 'AA SAVERS MART', 'Gil Carlos Street, Plaza Naning, Baliuag, Bulacan '),
(685, 34, 'MASSWAY 2 SUPERMARKET', '112 Plaridel-Pulilan Diversion Rd, Pulilan, 3005 Bulacan '),
(686, 35, 'MASSWAY SUPERMARKET', 'Obando, Bulacan'),
(687, 36, 'DOUBLE DRAGON', 'Bocaue, Bulacan '),
(688, 37, 'ARCADIOS EAT ALL U CAN', '0381 Santan_ St, Plaridel, 3004 Bulacan '),
(689, 38, 'LORENZANA', 'SAN PABLO '),
(690, 39, 'RCS - SAN RAFAEL', 'San Rafael, Bulacan '),
(691, 27, 'WANBEE CONVENIENCE STORE CORP.', 'BULACAN '),
(692, 41, 'FRIENDSHIP S/M TALAVERA', 'Quezon Street, Talavera, Nueva Ecija '),
(693, 42, 'FRIENDSHIP S/M MUÑOZ', '437, D. Delos Santos Street, Poblacion East,Muñoz City, Nueva Ecija '),
(694, 43, 'STM GAPAN', 'Gapan City, Nueva Ecija '),
(695, 44, 'NEW MODERNO TRADING', 'Cabiao '),
(696, 44, 'RCS CABIAO', 'Cabiao '),
(697, 44, 'STM CABIAO', 'Cabiao, Nueva Ecija '),
(698, 45, 'VARON SUPERMARKET', 'JAEN'),
(699, 46, 'FRIENDSHIP S/M SAN JOSE', 'AH26, San Jose City, Nueva Ecija '),
(700, 47, 'PREMIER SHOPMART', 'Cabanatuan '),
(701, 40, 'G & V', 'NUEVA ECIJA '),
(702, 48, 'FRIENDSHIP S/M GUIMBA', 'Guimba, Nueva Ecija '),
(703, 44, 'A&S DRUGMART', 'Jose Abad Santos Avenue, Cabiao, Nueva Ecija '),
(704, 40, 'RIVENDELL TRDG', 'San Vicente, NE'),
(705, 40, 'AFP COMMISSARY AND EXCHANGE SERVICE', 'NUEVA ECIJA '),
(706, 40, 'ANTHONY LIWAG', 'NUEVA ECIJA '),
(707, 45, 'RCS - JAEN', 'Jaen, Nueva Ecija '),
(708, 43, 'RCS GAPAN', 'Gapan City, Nueva Ecija '),
(709, 49, 'CZARINA D/S', 'ABUCAY'),
(710, 49, 'MEDGUARD', 'National Rd, Abucay, Bataan'),
(711, 49, 'REN-RIO GROCERY', 'ABUCAY'),
(712, 49, 'WIGGIES ICE CREAM', 'ABUCAY'),
(713, 50, '2K STORE', 'Balanga'),
(714, 50, 'BELINDA STORE', 'Balanga'),
(715, 50, 'BERZON GROCERY', '141 Camacho St, City of Balanga, 2100 Bataan'),
(716, 50, 'CHARING STORE', 'Balanga'),
(717, 50, 'DANNAH STORE', 'Balanga'),
(718, 50, 'EBG BALANGA S/M', 'Balanga'),
(719, 50, 'EVA STORE', 'Balanga'),
(720, 50, 'FABIAN STORE', 'Balanga'),
(721, 50, 'FCV D/S', 'Balanga'),
(722, 50, 'FELICITAS STORE', 'Balanga'),
(723, 50, 'G.T MARKETS CORPORATION', 'Balanga'),
(724, 50, 'HIEDYS STORE', 'Balanga'),
(725, 50, 'JACK & NICK sTORE', 'Balanga'),
(726, 50, 'KA SALLY EATERY', 'Balanga'),
(727, 50, 'LEVY STORE', 'Balanga'),
(728, 50, 'LUTONG FILIPINA', 'Balanga'),
(729, 50, 'MARKS PHARMACY', 'Condomart Building, Bonifacio St, Balanga, Bataan'),
(730, 50, 'MIX MARKET', 'Balanga'),
(731, 50, 'STREGATO GALATERIA', 'St Joseph St, City of Balanga, Bataan'),
(732, 50, 'TESS GROCERY BALANGA', 'Balanga'),
(733, 50, 'VAL & PRECY', 'Balanga'),
(734, 50, 'VERCONS BALANGA', 'Balanga'),
(735, 50, 'VETAFS SUPERSTORE', '48 Paterno St, City of Balanga, 2100 Bataan'),
(736, 50, '3 KINGS STORE', 'BATAAN'),
(737, 49, 'BOTICA NI REGINA', 'Fourlane Commercial, Abucay, Bataan'),
(738, 49, 'ELLEN RAMOS', 'Bataan'),
(739, 50, 'IMA PAMANGAN', 'Gov. JJ Linao highway AlaUli Pilar Bataan, Pilar, 2101 Bataan'),
(740, 51, 'CANDELARIA', 'Dinalupihan'),
(741, 51, 'EBG DINALUPIHAN S/M', 'STA. Isabel Jose Abad Santos Avenue, Dinalupihan, Bataan'),
(742, 51, 'EXPRESS CHOW', '7 Burgos St, Dinalupihan, 2110 Bataan'),
(743, 51, 'FLOR MONTERO STORE', 'Dinalupihan'),
(744, 51, 'JOECO TRADING', 'Dinalupihan'),
(745, 51, 'NAL STORE', 'Dinalupihan'),
(746, 51, 'RACQUEL MANELS', 'Dinalupihan'),
(747, 51, 'RCS DINALUPIHAN', 'Dinalupihan'),
(748, 51, 'RED CAMIA DINALUPIHAN', 'J.P. Rizal, Dinalupihan, Bataan'),
(749, 51, 'REDD D/S', 'Dinalupihan'),
(750, 51, 'VAN SELWYN CANDIES', 'Dinalupihan'),
(751, 51, 'VER HIWAY(MK)', 'Dinalupihan'),
(752, 51, 'VERCON DINALUPIHAN', 'Dinalupihan'),
(753, 51, 'VERCONS HIWAY', 'Dinalupihan'),
(754, 51, 'VERGARA SUPERMARKET', 'Bonifacio St, Dinalupihan, Bataan'),
(755, 51, 'WE CARE DRUG', 'Dinalupihan'),
(756, 52, 'BATAAN PENINSULA DRUG', 'National Road, Townsite, Limay, Bataan'),
(757, 52, 'FARMACIA MARTEJA', '144 National Rd, Limay, Bataan'),
(758, 52, 'JOSIE STORE', 'LIMAY'),
(759, 52, 'LILY STORE', 'LIMAY'),
(760, 52, 'LILY STORE', 'LIMAY'),
(761, 52, 'LIMAY STORE', 'LIMAY'),
(762, 52, 'NORA STORE', 'LIMAY'),
(763, 53, 'ANDREW STORE', 'MARIVELES'),
(764, 53, 'BHENG STORE', 'MARIVELES'),
(765, 53, 'BULOY STORE', 'MARIVELES'),
(766, 53, 'CHUZON MARIVELES', 'Freeport Area of Bataan, Mariveles, Bataan'),
(767, 53, 'CORA STORE', 'Freeport Area of Bataan, Mariveles, Bataan'),
(768, 53, 'CULALA STORE', 'MARIVELES'),
(769, 53, 'EMIES STORE', 'MARIVELES'),
(770, 53, 'FARMACIA MELANIE', 'MARIVELES'),
(771, 53, 'GLENDAS MKTG.', 'V Semilla Street, Mariveles, Bataan'),
(772, 53, 'JULIE COSMETICS', 'MARIVELES'),
(773, 53, 'SWEET STORE', 'MARIVELES'),
(774, 53, 'TWENTY OAKS DUTY FREE', 'Seventh Avenue, Freeport Area, Mariveles, 2106'),
(775, 53, 'VERCON MARIVELES', 'MARIVELES'),
(776, 53, 'WR & C', 'MARIVELES'),
(777, 54, 'TITAS SY CANDY STORE', 'Orion'),
(778, 54, 'VERCONS S/M ORION', 'Orion'),
(779, 54, 'DFS PHARMACY', 'Orion'),
(780, 54, 'EBG ORION BAKERY', 'Orion'),
(781, 54, 'EBG ORION S/M', 'Orion'),
(782, 54, 'EMILLIAS MART', 'Orion'),
(783, 54, 'IMMACULATE BREAD & CANDIES', 'Orion'),
(784, 54, 'LEGENDS S/M', 'Orion'),
(785, 54, 'MOPE', 'Orion'),
(786, 54, 'RCP ORION', 'Orion'),
(787, 54, 'RICH VHINZ MARKETING', 'Orion'),
(788, 55, 'CALAJO S/M', 'ORANI'),
(789, 55, 'DE GUZMAN PHARMACY', 'National Rd, Orani, Bataan'),
(790, 55, 'GIL & GRACE STORE', 'ORANI'),
(791, 55, 'GODS GIFT PHARMACY', 'ORANI'),
(792, 55, 'GRANDMA STORE', 'ORANI'),
(793, 55, 'JEC PHARMACY', 'ORANI'),
(794, 55, 'RBF PHARMACY', 'ORANI'),
(795, 55, 'RCP 2', 'ORANI'),
(796, 55, 'RCP 2', 'ORANI'),
(797, 55, 'RCP I DRUGSTORE', 'ORANI'),
(798, 55, 'RMF PHARMACY', 'ORANI'),
(799, 55, 'SOUTH EMERALD', '2112, Orani, 2112 Bataan'),
(800, 55, 'ZULLO STORE', 'ORANI'),
(801, 55, 'BIO DRUGS PHARMACEUTICAL', 'A-09, Centro Uno, Orani Town Plaza, Orani, 2112 Bataan'),
(802, 56, 'CABRAL STORE', 'OLONGAPO'),
(803, 56, 'CAMENA GROCERY', 'OLONGAPO'),
(804, 56, 'CHEF RONNELS', 'OLONGAPO'),
(805, 56, 'CHENALEE (JOSIE EN JULIET) TRADING', 'OLONGAPO'),
(806, 56, 'CIRCLE J', '14 Magsaysay Dr, Olongapo, 2200 Zambales'),
(807, 56, 'DE LEON', 'OLONGAPO'),
(808, 56, 'DEL JOY', 'OLONGAPO'),
(809, 56, 'EDNA STORE', 'OLONGAPO'),
(810, 56, 'EDNA STORE', 'Stall 8-H, Olongapo City Public Market, Rizal Avenue, Olongapo, 2200 Zambales'),
(811, 56, 'EKOS STORE #14', 'OLONGAPO'),
(812, 56, 'EVERLASTING S/M', 'OLONGAPO'),
(813, 56, 'FEI EATERY', 'OLONGAPO'),
(814, 56, 'FEL', 'OLONGAPO'),
(815, 56, 'GOLDEN KING S/M', '1 29Th Street, East Bajac-Bajac, Olongapo City, Zambales'),
(816, 56, 'GR888T C CORP CHOAS SUPERMART', '2628-2698 Olongapo - Bataan Rd, Olongapo, Zambales'),
(817, 56, 'GRAND FOOD VENUE CORP.', 'OLONGAPO'),
(818, 56, 'HAPPY VALLEY', 'OLONGAPO'),
(819, 56, 'JANINE EATERY', 'OLONGAPO'),
(820, 56, 'JASON COCONUT', 'OLONGAPO'),
(821, 56, 'JELEEBEE S/M', 'OLONGAPO'),
(822, 56, 'JHAPS', 'OLONGAPO'),
(823, 56, 'JING STORE', 'OLONGAPO'),
(824, 56, 'JULY AN', 'OLONGAPO'),
(825, 56, 'KIDIES BULALO', 'OLONGAPO'),
(826, 56, 'LAV MARKETING', 'OLONGAPO'),
(827, 56, 'LEINA STORE', 'OLONGAPO'),
(828, 56, 'LENG-LENG CANTEEN', 'OLONGAPO'),
(829, 56, 'LIZA', 'OLONGAPO'),
(830, 56, 'LIZA BUKO', 'OLONGAPO'),
(831, 56, 'LOVE PAPA', 'OLONGAPO'),
(832, 56, 'LYN', 'OLONGAPO'),
(833, 56, 'MA. ATHENA STORE', 'OLONGAPO'),
(834, 56, 'MARK LIM', 'OLONGAPO'),
(835, 56, 'MARKET LOVE', 'OLONGAPO'),
(836, 56, 'MB22 STORE', 'OLONGAPO'),
(837, 56, 'MELODY STORE', 'OLONGAPO'),
(838, 56, 'MELY STORE #14', 'OLONGAPO'),
(839, 56, 'MERVILS', 'OLONGAPO'),
(840, 56, 'MIKEL LUGAW', 'OLONGAPO'),
(841, 56, 'ML SUPERMARKET', 'OLONGAPO'),
(842, 56, 'MONICA MAE', 'OLONGAPO'),
(843, 56, 'MYRA STORE', 'OLONGAPO'),
(844, 56, 'NILDA SUBIC', 'OLONGAPO'),
(845, 56, 'NPMD VARIETY', 'OLONGAPO'),
(846, 56, 'OLIVEROS STORE', 'OLONGAPO'),
(847, 56, 'OSCAR S/M', 'OLONGAPO'),
(848, 56, 'PABLEO S/M', 'OLONGAPO'),
(849, 56, 'PIE c/o Edna', 'OLONGAPO'),
(850, 56, 'PRECY', 'OLONGAPO'),
(851, 56, 'QUICKSILVER D/S', 'OLONGAPO'),
(852, 56, 'RAMOS COCONUT', 'OLONGAPO'),
(853, 56, 'RAMROD', 'OLONGAPO'),
(854, 56, 'RODRIGUEZ GROCERY', 'OLONGAPO'),
(855, 56, 'ROSE & DANTE', 'OLONGAPO'),
(856, 56, 'ROSE STORE', 'OLONGAPO'),
(857, 56, 'ROWENA SALONG', 'OLONGAPO'),
(858, 56, 'RTJ STORE', 'OLONGAPO'),
(859, 56, 'SALLY LUGAWAN', 'OLONGAPO'),
(860, 56, 'SAMS PIZZA', 'OLONGAPO'),
(861, 56, 'Shirley', 'OLONGAPO'),
(862, 56, 'SHIRLEY STORE', 'OLONGAPO'),
(863, 56, 'SHOP & CARRY', '32 Barreto St, Olongapo, 2200 Zambales'),
(864, 56, 'SOPHIA', 'OLONGAPO'),
(865, 56, 'STRADA STORE', 'OLONGAPO'),
(866, 56, 'SUBIC SAVERS', 'OLONGAPO'),
(867, 56, 'Teresita', 'OLONGAPO'),
(868, 56, 'THREE ES STORE', 'OLONGAPO'),
(869, 56, 'TRINITY EATERY', 'OLONGAPO'),
(870, 56, 'ULTRAFOODS', 'OLONGAPO'),
(871, 56, 'VERCONS 2 OLONGAPO', '23 Arthur St, Olongapo, 2200 Zambales'),
(872, 56, 'VERCONS OLONGAPO', '3921 Rizal Ave, Olongapo, 2200 Zambales'),
(873, 56, 'VERCONS SUBIC', 'Subic, Zambales'),
(874, 56, 'VINE AND BABY', 'OLONGAPO'),
(875, 56, 'VJRDBKEN STORE', 'OLONGAPO'),
(876, 56, 'WENCESLAO', 'OLONGAPO'),
(877, 56, 'WESLEY UNITED METHODIST CHURCH', '890 Rizal Avenue Extension, Olongapo, 2200 Zambales'),
(878, 56, 'YBC S/M', 'Rizal Avenue Extension, Olongapo, Zambales'),
(879, 56, 'YK', 'OLONGAPO'),
(880, 56, 'YOLLY STORE', 'OLONGAPO'),
(881, 56, '2NEELHEN', 'OLONGAPO'),
(882, 56, '368 GEN. MDSE', 'OLONGAPO'),
(883, 56, '3E BROS.', 'OLONGAPO'),
(884, 56, 'AJ MARKETING', 'OLONGAPO'),
(885, 56, 'AJ MARKETING', 'OLONGAPO'),
(886, 55, 'ALBA EATERY', 'OLONGAPO'),
(887, 56, 'ANCHING STORE', 'OLONGAPO'),
(888, 56, 'ARNOLD', 'OLONGAPO'),
(889, 56, 'BADS', 'OLONGAPO'),
(890, 56, 'BARRETTO MINIMART', '2 Rizal St, Olongapo, 2200 Zambales'),
(891, 56, 'BICOL EXPRESS', 'Stall 4, Public Market, Rizal Avenue, East Bajac-Bajac, 2200, Olongapo, Zambales'),
(892, 56, 'BINGO CAFE', '20th Street, Olongapo, 2200 Zambales'),
(893, 56, 'BRENDA STORE', 'OLONGAPO'),
(894, 56, 'CABRAL STORE', 'OLONGAPO'),
(895, 57, '27N SHOPPERS MART INC.', 'Zone I, Olongapo - Bugallon Rd, Iba, 2201 Zambales'),
(896, 57, '4 MARIAS', 'Iba'),
(897, 57, '8 COUSIN MDSE', 'Iba'),
(898, 57, 'CHENALEES TRADING', 'Iba'),
(899, 57, 'FORTIN ENTERPRISE', 'Iba'),
(900, 57, 'HELEN EATERY', 'Iba'),
(901, 57, 'LUDINGS CARINDERIA', 'Iba'),
(902, 57, 'MB43 STORE', 'Iba'),
(903, 57, 'RAMROD IBA', 'Iba'),
(904, 57, 'ROSE MARIE STORE', 'Iba'),
(905, 57, 'VIRGIE STORE', 'Iba'),
(906, 58, 'CABRAL', 'CASTILLEJOS'),
(907, 58, 'CHEF DANTE', 'CASTILLEJOS'),
(908, 58, 'JULIE STORE STALL #26', 'CASTILLEJOS'),
(909, 58, 'KUSINA NI ELMA', 'CASTILLEJOS'),
(910, 58, 'NIDA STORE', 'CASTILLEJOS'),
(911, 58, 'PERCY STORE', 'CASTILLEJOS');

-- --------------------------------------------------------

--
-- Table structure for table `areas`
--

CREATE TABLE `areas` (
  `id` int(11) NOT NULL,
  `province` int(11) NOT NULL,
  `city` varchar(128) NOT NULL
) ENGINE=InnoDB DEFAULT CHARSET=utf8mb4;

--
-- Dumping data for table `areas`
--

INSERT INTO `areas` (`id`, `province`, `city`) VALUES
(1, 1, 'Angeles'),
(2, 1, 'APALIT'),
(3, 1, 'FLORIDA BLANCA'),
(4, 1, 'LUBAO'),
(5, 1, 'MABALACAT'),
(6, 1, 'MAGALANG'),
(7, 1, 'STA. ANA'),
(8, 1, 'ARAYAT'),
(9, 1, 'CLARK'),
(10, 1, 'BACOLOR'),
(11, 1, 'GUAGUA'),
(12, 1, 'SAN FERNANDO'),
(13, 1, 'STO. TOMAS'),
(14, 2, 'TARLAC  '),
(15, 2, 'CAMILING'),
(16, 2, 'CONCEPCION'),
(17, 2, 'GERONA '),
(18, 2, 'PANIQUI'),
(19, 2, 'STA. IGNACIA'),
(20, 2, 'CAPAS'),
(21, 2, 'MONCADA'),
(22, 2, 'BAMBAN '),
(23, 2, 'VICTORIA'),
(24, 2, 'MAYANTOC'),
(25, 2, 'RAMOS'),
(26, 2, 'MANGATAREM'),
(27, 3, 'BULACAN'),
(28, 3, 'SAN MIGUEL'),
(29, 3, 'STA. MARIA'),
(30, 3, 'MALOLOS'),
(31, 3, 'GUIGUINTO'),
(32, 3, 'ANGAT'),
(33, 3, 'BALIUAG'),
(34, 3, 'PULILAN'),
(35, 3, 'OBANDO'),
(36, 3, 'BOCAUE'),
(37, 3, 'PLARIDEL'),
(38, 3, 'SAN PABLO'),
(39, 3, 'SAN RAFAEL'),
(40, 4, 'NUEVA ECIJA'),
(41, 4, 'TALAVERA'),
(42, 4, 'MUNOZ CITY'),
(43, 4, 'GAPAN'),
(44, 4, 'CABIAO'),
(45, 4, 'JAEN'),
(46, 4, 'SAN JOSE CITY'),
(47, 4, 'CABANATUAN'),
(48, 4, 'GUIMBA'),
(49, 5, 'ABUCAY'),
(50, 5, 'BALANGA'),
(51, 5, 'DINALUPIHAN'),
(52, 5, 'LIMAY'),
(53, 5, 'MARIVELES'),
(54, 5, 'ORION'),
(55, 5, 'ORANI'),
(56, 6, 'OLONGAPO'),
(57, 6, 'IBA'),
(58, 6, 'CASTILLEJOS');

-- --------------------------------------------------------

--
-- Table structure for table `location_and_time`
--

CREATE TABLE `location_and_time` (
  `id` int(11) NOT NULL,
  `location` int(11) NOT NULL,
  `hours` int(12) NOT NULL
) ENGINE=InnoDB DEFAULT CHARSET=latin1;

--
-- Dumping data for table `location_and_time`
--

INSERT INTO `location_and_time` (`id`, `location`, `hours`) VALUES
(2, 1, 75),
(3, 2, 65),
(4, 3, 75),
(5, 4, 70),
(6, 5, 70),
(7, 6, 105),
(8, 7, 70),
(9, 8, 85),
(10, 9, 80),
(11, 10, 30),
(12, 11, 55),
(13, 12, 45),
(14, 13, 45),
(15, 14, 105),
(16, 15, 140),
(17, 16, 90),
(18, 17, 105),
(19, 18, 120),
(20, 19, 135),
(21, 20, 100),
(22, 21, 125),
(23, 22, 105),
(24, 23, 120),
(25, 24, 165),
(26, 25, 105),
(27, 26, 185),
(28, 27, 80),
(29, 28, 105),
(30, 29, 75),
(31, 30, 70),
(32, 31, 65),
(33, 32, 105),
(34, 33, 70),
(35, 34, 65),
(36, 35, 95),
(37, 36, 75),
(38, 37, 70),
(39, 38, 70),
(40, 39, 95),
(41, 40, 150),
(42, 41, 135),
(43, 42, 123),
(44, 43, 125),
(45, 44, 95),
(46, 45, 110),
(47, 46, 158),
(48, 47, 125),
(49, 48, 110),
(50, 49, 85),
(51, 50, 90),
(52, 51, 87),
(53, 52, 131),
(54, 53, 150),
(55, 54, 85),
(56, 55, 115),
(57, 56, 113),
(58, 57, 240),
(59, 58, 168);

-- --------------------------------------------------------

--
-- Table structure for table `process`
--

CREATE TABLE `process` (
  `id` int(11) NOT NULL,
  `process_name` varchar(128) NOT NULL,
  `process_date` varchar(128) NOT NULL,
  `check_inventory` varchar(128) NOT NULL,
  `purchase_order` varchar(128) NOT NULL,
  `initial_invoicing_order` varchar(128) NOT NULL,
  `prepare_the_order` varchar(128) NOT NULL,
  `check_prepared_order` varchar(128) NOT NULL,
  `final_invoicing_printing` varchar(128) NOT NULL,
  `truck_loading` varchar(128) NOT NULL,
  `product_company` varchar(128) NOT NULL,
  `departure_date` varchar(128) NOT NULL,
  `area` varchar(128) NOT NULL,
  `complete_address` varchar(128) NOT NULL,
  `account_name` varchar(128) NOT NULL,
  `arrivalTime` varchar(128) NOT NULL,
  `departureTime` varchar(128) NOT NULL
) ENGINE=InnoDB DEFAULT CHARSET=latin1;

--
-- Dumping data for table `process`
--

INSERT INTO `process` (`id`, `process_name`, `process_date`, `check_inventory`, `purchase_order`, `initial_invoicing_order`, `prepare_the_order`, `check_prepared_order`, `final_invoicing_printing`, `truck_loading`, `product_company`, `departure_date`, `area`, `complete_address`, `account_name`, `arrivalTime`, `departureTime`) VALUES
(1, '2020-03-03-P1', '2020-03-04', '08:10', '08:33', '08:42', '14:14', '14:28', '14:41', '16:33', 'EHT TRADING', '2020-03-05', 'BATAAN', 'Balanga', '2K STORE', '08:00', '5:30'),
(2, 'sdfsdf', '2020-03-04', '08:10', '08:33', '08:42', '14:14', '14:28', '14:41', '16:33', 'NUTREZA FOOD CORPORATION', '2020-03-05', 'BATAAN', 'BATAAN', '3 KINGS STORE', '08:00', '5:30');

-- --------------------------------------------------------

--
-- Table structure for table `product`
--

CREATE TABLE `product` (
  `id` int(11) NOT NULL,
  `company_name` varchar(128) NOT NULL,
  `category` int(11) NOT NULL,
  `product_code` varchar(128) NOT NULL,
  `name` text NOT NULL
) ENGINE=InnoDB DEFAULT CHARSET=utf8mb4;

--
-- Dumping data for table `product`
--

INSERT INTO `product` (`id`, `company_name`, `category`, `product_code`, `name`) VALUES
(3, 'ALIGN BUSINESS CORP.', 2, '0000000601', 'IColor Hair Dye Shampoo Black 25ml'),
(4, 'ALIGN BUSINESS CORP.', 2, '0000000602', 'IColor Hair Dye Triple Color Changer 25m'),
(5, 'ALIGN BUSINESS CORP.', 2, '0000000603', 'IColor Hair Dye Shampoo Wild Cherry 25ml'),
(6, 'ALIGN BUSINESS CORP.', 2, '0000000604', 'IColor Hair Dye Shampoo Burgundy 30ml'),
(7, 'ALIGN BUSINESS CORP.', 2, '0000000605', 'Icolor Hair Dye Chestnut Brown 30ml'),
(8, 'ALIGN BUSINESS CORP.', 2, '0000000606', 'IColor Hair Dye Shampoo Light Brown 30ml'),
(9, 'ALIGN BUSINESS CORP.', 2, '0000000607', 'IColor Hair Dye Shampoo Medium Brown 30m'),
(10, 'ALIGN BUSINESS CORP.', 2, '0000000608', 'IColor Hair Dye Shampoo Dark Brown 30ml'),
(11, 'ALIGN BUSINESS CORP.', 2, '0000000657', 'IColor Medium Brown 30ml + Burgundy 30ml'),
(12, 'ALIGN BUSINESS CORP.', 2, '0000000658', 'IColor Chesnut Brown 30ml + Wild Cherry'),
(13, 'ALIGN BUSINESS CORP.', 2, '0000000659', 'Two For Hue Black 25mlx2'),
(14, 'ALIGN BUSINESS CORP.', 2, '0000000660', 'Two For Hue Light Brown 25mlx 2'),
(15, 'ALIGN BUSINESS CORP.', 3, '0000000609', 'Argan Beauty Hair Mask w/ Argan Oil 25ml'),
(16, 'ALIGN BUSINESS CORP.', 3, '0000000654', 'IColor Black 25ml + Argan Beauty 25ml'),
(17, 'ALIGN BUSINESS CORP.', 3, '0000000655', 'IColor Burgundy 30ml + Argan Beauty 25ml'),
(18, 'ALIGN BUSINESS CORP.', 3, '0000000656', 'IColor Dark Brown 30ml + Argan Beauty 25'),
(19, 'B.E.S INT L BUSINESS, INC.', 4, '0000000651', 'Delys Sweetened Condensed 390g x 48'),
(20, 'BELARO CONFECTIONER CORPORATION', 5, '0000000464', 'LALA CHOCO BAR 12X12 4.65G'),
(21, 'BELARO CONFECTIONER CORPORATION', 5, '0000000465', 'LALA UBE BAR 12X12 4.54G'),
(22, 'BELARO CONFECTIONER CORPORATION', 5, '0000000466', 'LALA CHOCO MINI 24X20 2.88KG'),
(23, 'BELARO CONFECTIONER CORPORATION', 5, '0000000467', 'LALA UBE MINI 24X20'),
(24, 'BELARO CONFECTIONER CORPORATION', 5, '0000000468', 'LALA RICE CRISPY 24X20'),
(25, 'BELARO CONFECTIONER CORPORATION', 5, '0000000469', 'LALA STRAWBERRY 24X20'),
(26, 'BELARO CONFECTIONER CORPORATION', 5, '0000000470', 'LALA MOCHA LOCA 24X20'),
(27, 'BELARO CONFECTIONER CORPORATION', 5, '0000000471', 'LALA MILKY VANILLA 24X20'),
(28, 'BELARO CONFECTIONER CORPORATION', 5, '0000000472', 'LALA TSOKULIT 24X20'),
(29, 'BELARO CONFECTIONER CORPORATION', 5, '0000000473', 'LALA MILK POWDER 20X20'),
(30, 'BNBI', 5, '0000000241', 'Impact Mints Spearmint 7gx12'),
(31, 'BNBI', 5, '0000000242', 'Impact Mints Strong Mint 7g'),
(32, 'BNBI', 5, '0000000243', 'Impact Mints Strawberry 7G'),
(33, 'BNBI', 5, '0000000244', 'Impact Mints - PepperMint 7g'),
(34, 'BNBI', 5, '0000000245', 'Impact Mints - Peach 7g'),
(35, 'BNBI', 5, '0000000246', 'Impact Mints - Mango 7GX12'),
(36, 'BNBI', 5, '0000000247', 'Impact Mints Black Currant 7g'),
(37, 'COSASIA', 6, '0000000013', 'SILKA SHEA BUTTER SOAP 90g'),
(38, 'COSASIA', 6, '0000000014', 'SILKA SHEA BUTTER SOAP 65g'),
(39, 'COSASIA', 6, '0000000015', 'SILKA SHEA BUTTER SOAP 135g'),
(40, 'COSASIA', 6, '0000000025', 'PROMO:SILKA TRIPID PACK 90G X 3S'),
(41, 'COSASIA', 6, '0000000026', 'SILKA SOAP PAPAYA 90g'),
(42, 'COSASIA', 6, '0000000029', 'SILKA SOAP PAPAYA 65g'),
(43, 'COSASIA', 6, '0000000031', 'SILKA SOAP  PAPAYA 135g'),
(44, 'COSASIA', 2, '0000000053', 'SILKA SOAP GREEN PAPAYA 90g'),
(45, 'COSASIA', 6, '0000000054', 'SILKA SOAP GREEN PAPAYA 65g'),
(46, 'COSASIA', 6, '0000000055', 'SILKA SOAP GREEN  PAPAYA 45G'),
(47, 'COSASIA', 6, '0000000056', 'SILKA SOAP GREEN PAPAYA 135g'),
(48, 'COSASIA', 6, '0000000096', 'SILKA AVOCADO OIL SOAP 90g'),
(49, 'COSASIA', 6, '0000000097', 'SILKA AVOCADO OIL SOAP 65g'),
(50, 'COSASIA', 6, '0000000098', 'SILKA AVOCADO OIL SOAP 135g'),
(51, 'COSASIA', 6, '0000000159', 'Promo: Silka Papaya soap 65g w/zonrox'),
(52, 'COSASIA', 6, '0000000401', 'SILKA SOAP PAPAYA 45g'),
(53, 'COSASIA', 6, '0000000412', 'PROMO:SILKA SOAP 65G W/DETERGENT'),
(54, 'COSASIA', 6, '0000000413', 'PROMO:SILKA SOAP 135G (TWIN PACK)'),
(55, 'COSASIA', 7, '0000000016', 'SILKA WHIT.LOT.SHEA BUTTER 50'),
(56, 'COSASIA', 7, '0000000017', 'SILKA WHIT.LOT SHEA BUTTER 200'),
(57, 'COSASIA', 7, '0000000018', 'SILKA WHIT.LOT.SHEA BUTTER 100'),
(58, 'COSASIA', 7, '0000000019', 'SILKA WHIT.LOT.JOJOBA 50ML'),
(59, 'COSASIA', 7, '0000000020', 'SILKA WHIT.LOT.JOJOBA 200ML'),
(60, 'COSASIA', 7, '0000000021', 'SILKA WHIT.LOT.JOJOBA 100ML'),
(61, 'COSASIA', 7, '0000000022', 'SILKA WHIT.LOT.CITRUS 50ML'),
(62, 'COSASIA', 7, '0000000023', 'SILKA WHIT.LOT.CITRUS 200ML'),
(63, 'COSASIA', 7, '0000000024', 'SILKA WHIT.LOT.CITRUS 100ML'),
(64, 'COSASIA', 7, '0000000032', 'SILKA LOT PAPAYA SPF30 50ML'),
(65, 'COSASIA', 7, '0000000033', 'SILKA LOT PAPAYA SPF30 200ml'),
(66, 'COSASIA', 7, '0000000034', 'SILKA LOT PAPAYA SPF30 100ml'),
(67, 'COSASIA', 7, '0000000035', 'SILKA Prem Avocado Lot.SPF23 50mlSILKA Prem Avocado Lot.SPF23 50ml'),
(68, 'COSASIA', 7, '0000000036', 'SILKA Prem Avocdo LotionSPF23 200ml'),
(69, 'COSASIA', 7, '0000000037', 'SILKA Prem Avocado Lot.SPF23 100ml'),
(70, 'COSASIA', 7, '0000000038', 'SILKA LOT PAPAYA REFILL 500ML'),
(71, 'COSASIA', 7, '0000000039', 'SILKA LOT PAPAYA PUMP 500ML'),
(72, 'COSASIA', 7, '0000000040', 'SILKA LOT PAPAYA 50ML'),
(73, 'COSASIA', 7, '0000000041', 'SILKA LOT PAPAYA 300ml.'),
(74, 'COSASIA', 7, '0000000044', 'SILKA LOT PAPAYA 200ml.'),
(75, 'COSASIA', 7, '0000000046', 'SILKA LOT PAPAYA 100ml.'),
(76, 'COSASIA', 7, '0000000047', 'SILKA LOT PAPAYA 10ML'),
(77, 'COSASIA', 7, '0000000048', 'SILKA Prem Grn.Lot SPF30 50ml'),
(78, 'COSASIA', 7, '0000000049', 'SILKA Prem Grn.Lot SPF30 200ml'),
(79, 'COSASIA', 7, '0000000050', 'SILKA Prem Grn.Lot SPF30 100ml'),
(80, 'COSASIA', 7, '0000000057', 'SILKA GREEN LOTION 500ml.'),
(81, 'COSASIA', 7, '0000000058', 'SILKA GREEN LOTION 50ml.'),
(82, 'COSASIA', 7, '0000000059', 'SILKA GREEN LOTION 300ml'),
(83, 'COSASIA', 7, '0000000060', 'SILKA GREEN LOTION 200ml'),
(84, 'COSASIA', 7, '0000000061', 'SILKA LOT GRN PAPAYA 100ml'),
(85, 'COSASIA', 8, '0000000084', 'SILKA BODYWASH PAP.PREM 500ml.'),
(86, 'COSASIA', 8, '0000000085', 'SILKA BODYWASH PAP.PREM 300ml.'),
(87, 'COSASIA', 8, '0000000086', 'SILKA BODYWASH PAP.PREM 200ml.'),
(88, 'COSASIA', 8, '0000000087', 'SILKA BODYWASH PAP.PREM 100ml.'),
(89, 'COSASIA', 8, '0000000092', 'SILKA BODYWASH PAP.REG. 500ml.'),
(90, 'COSASIA', 8, '0000000093', 'SILKA BODYWASH PAP.REG. 300ml.'),
(91, 'COSASIA', 8, '0000000094', 'SILKA BODYWASH PAP.REG. 200ml.'),
(92, 'COSASIA', 8, '0000000095', 'SILKA BODYWASH PAP.REG. 100ml.'),
(93, 'COSASIA', 9, '0000000309', 'DEFINE S.GEL YELLOW 50ml. bot.'),
(94, 'COSASIA', 9, '0000000310', 'DEFINE S.GEL YELLOW 125ml. bot.'),
(95, 'COSASIA', 9, '0000000311', 'DEFINE S.GEL GREEN  50ml. bot.'),
(96, 'COSASIA', 9, '0000000312', 'DEFINE S.GEL GREEN 125ml. bot.'),
(97, 'COSASIA', 9, '0000000313', 'DEFINE S.GEL CLEAR  50ml. bot.'),
(98, 'COSASIA', 9, '0000000314', 'DEFINE S.GEL CLEAR 125ml. bot.'),
(99, 'COSASIA', 5, '0000000168', 'CHOCOMANI KING BAR 12G'),
(100, 'COSASIA', 5, '0000000173', 'CHOCOMANI COINS 12G'),
(101, 'COSASIA', 5, '0000000190', 'QUEEN MANI PEANUT CHOCO BAR 24S'),
(102, 'COSASIA', 5, '0000000435', 'Queen Mani Peanut Choco Bar 20x48s'),
(103, 'COSASIA', 10, '0000000198', 'JUICY DREAMSICLE VIOLET 75ML'),
(104, 'COSASIA', 10, '0000000199', 'JUICY DREAMSICLE VIOLET 50ML'),
(105, 'COSASIA', 10, '0000000200', 'JUICY DREAMSICLE VIOLET 25ML'),
(106, 'COSASIA', 10, '0000000201', 'JUICY DREAMSICLE VIOLET 125ML'),
(107, 'COSASIA', 10, '0000000202', 'JUICY COL Up, Up & Away 75ML'),
(108, 'COSASIA', 10, '0000000203', 'JUICY COL Up, Up & Away 50ML'),
(109, 'COSASIA', 10, '0000000204', 'JUICY COL Up, Up & Away 25ML'),
(110, 'COSASIA', 10, '0000000205', 'JUICY COL Up, Up & Away 125ML'),
(111, 'COSASIA', 10, '0000000206', 'JUICY COL Sugar Frosting 75ML'),
(112, 'COSASIA', 10, '0000000207', 'JUICY COL Sugar Frosting 50ML'),
(113, 'COSASIA', 10, '0000000208', 'JUICY COL Sugar Frosting 25ML'),
(114, 'COSASIA', 10, '0000000209', 'JUICY COL Sugar Frosting 125ML'),
(115, 'COSASIA', 10, '0000000210', 'JUICY COL SWEET TREATS 75ML'),
(116, 'COSASIA', 10, '0000000211', 'JUICY COL SWEET DELIGHTS 50ML'),
(117, 'COSASIA', 10, '0000000212', 'JUICY COL SWEET TREATS 25ML'),
(118, 'COSASIA', 10, '0000000213', 'JUICY COL SWEET TREATS 125ML'),
(119, 'COSASIA', 10, '0000000214', 'JUICY ANGELS BLISS PINK 75ML'),
(120, 'COSASIA', 10, '0000000215', 'JUICY ANGELS BLISS PINK 50ML'),
(121, 'COSASIA', 10, '0000000216', 'JUICY ANGELS BLISS PINK 25ML'),
(122, 'COSASIA', 10, '0000000217', 'JUICY ANGELS BLISS PINK 125ML'),
(123, 'COSASIA', 10, '0000000218', 'JUICY ORANGE TWIST 75ML'),
(124, 'COSASIA', 10, '0000000219', 'JUICY ORANGE TWIST 50ML'),
(125, 'COSASIA', 10, '0000000220', 'JUICY ORANGE TWIST 25ML'),
(126, 'COSASIA', 10, '0000000221', 'JUICY ORANGE TWIST 125ML'),
(127, 'COSASIA', 10, '0000000222', 'JUICY SPRIGHTLY SPRINKLE GREEN 75ML'),
(128, 'COSASIA', 10, '0000000223', 'JUICY SPRIGHTLY SPRINKLE GREEN 50ML'),
(129, 'COSASIA', 10, '0000000224', 'JUICY SPRIGHTLY SPRINKLE GREEN 25ML'),
(130, 'COSASIA', 10, '0000000225', 'JUICY SPRIGHTLY SPRINKLE GREEN 125ML'),
(131, 'COSASIA', 10, '0000000228', 'JUICY ICYLICIOUS BLUE 75ML'),
(132, 'COSASIA', 10, '0000000229', 'JUICY ICYLICIOUS BLUE 50ML'),
(133, 'COSASIA', 10, '0000000230', 'JUICY COL ICYLICIOUS 25ML'),
(134, 'COSASIA', 10, '0000000231', 'JUICY ICYLICIOUS BLUE 125ML'),
(135, 'COSASIA', 11, '0000000062', 'SILKA F.CLEANSER CUCUMBER 75ml'),
(136, 'COSASIA', 11, '0000000063', 'SILKA F.CLEANSER CUCMBER150ml'),
(137, 'COSASIA', 11, '0000000064', 'SILKA F.CLEANSER PAPAYA 75ml'),
(138, 'COSASIA', 11, '0000000065', 'SILKA F.CLEANSER PAPAYA 150ml'),
(139, 'COSASIA', 11, '0000000066', 'SILKA F.CLEANSER CALAMANSI 75ml'),
(140, 'COSASIA', 11, '0000000067', 'SILKA F.CLEANSER CALAMANSI 150ml'),
(141, 'COSASIA', 11, '0000000068', 'SILKA F.CLEANSER GREEN PAP. 75ml'),
(142, 'COSASIA', 11, '0000000069', 'SILKA F.CLEANSER GREEN PAP. 150ml'),
(143, 'COSASIA', 11, '0000000070', 'SILKA F.CLEANSER CLEAR 75ml'),
(144, 'COSASIA', 11, '0000000071', 'SILKA F.CLEANSER CLEAR 150ml'),
(145, 'COSASIA', 11, '0000000072', 'SILKA F.CLEANSER AVOCADO 75ml'),
(146, 'COSASIA', 11, '0000000073', 'SILKA F.CLEANSER AVOCADO 150ml'),
(147, 'COSASIA', 12, '0000000051', 'SILKA PEARL CREAM 8G'),
(148, 'COSASIA', 12, '0000000052', 'SILKA PEARL CREAM 6GM'),
(149, 'COSASIA', 13, '0000000074', 'SILKA DEO PAPAYA 7ML'),
(150, 'COSASIA', 13, '0000000076', 'SILKA DEO WHITENING 40ML'),
(151, 'COSASIA', 13, '0000000077', 'SILKA DEO WHITENING 25ML'),
(152, 'COSASIA', 13, '0000000078', 'SILKA DEO REFRESHING 40ML'),
(153, 'COSASIA', 13, '0000000079', 'SILKA DEO REFRESHING 25ML'),
(154, 'COSASIA', 13, '0000000080', 'SILKA DEO PAPAYA 40ML'),
(155, 'COSASIA', 13, '0000000081', 'SILKA DEO PAPAYA 25ML'),
(156, 'COSASIA', 13, '0000000082', 'SILKA DEO GRN PAPAYA 40ML'),
(157, 'COSASIA', 13, '0000000083', 'SILKA DEO GRN PAPAYA 25ML'),
(158, 'COSASIA', 14, '0000000099', 'PROTECT HAND SANITIZER 50ML'),
(159, 'COSASIA', 14, '0000000100', 'PROTECT HAND SANITIZER 100ML'),
(160, 'COSASIA', 15, '0000000459', 'Promo:Silka Papaya Soap 65g w/free45g'),
(161, 'DENTAL B', 16, '0000000315', 'DB XCITE A.SOFT B1T1'),
(162, 'DENTAL B', 16, '0000000316', 'DB XCITE A. MEDIUM B1T1'),
(163, 'DENTAL B', 16, '0000000317', 'DB XCITE A.HARD B1T1'),
(164, 'DENTAL B', 16, '0000000318', 'DB VOYAGER TRAVEL'),
(165, 'DENTAL B', 16, '0000000319', 'DB S20 JUNIOR SOFT'),
(166, 'DENTAL B', 16, '0000000320', 'DB S20 SOFT'),
(167, 'DENTAL B', 16, '0000000321', 'DB S20 MEDIUM'),
(168, 'DENTAL B', 16, '0000000322', 'DB S20 HARD'),
(169, 'DENTAL B', 16, '0000000323', 'DENTAL B JUNIOR SOFT S10'),
(170, 'DENTAL B', 16, '0000000324', 'DENTAL B ADULT SOFT S10'),
(171, 'DENTAL B', 16, '0000000325', 'DENTAL B ADULT MED S10'),
(172, 'DENTAL B', 16, '0000000326', 'DENTAL B ADULT HARD S10'),
(173, 'DENTAL B', 16, '0000000327', 'DENTAL B SPECIAL'),
(174, 'DENTAL B', 16, '0000000328', 'DENTAL B + JUNIOR SOFT'),
(175, 'DENTAL B', 16, '0000000329', 'DENTAL B + ADULT SOFT'),
(176, 'DENTAL B', 16, '0000000330', 'DENTAL B + ADULT MEDIUM'),
(177, 'DENTAL B', 16, '0000000331', 'DENTAL B + ADULT HARD'),
(178, 'DENTAL B', 16, '0000000332', 'DB HEART2HEART'),
(179, 'DENTAL B', 16, '0000000333', 'DB GENERAL 8s IN PAD'),
(180, 'DENTAL B', 16, '0000000334', 'DB EXPLORER A SOFT B1T1'),
(181, 'DENTAL B', 16, '0000000335', 'DB EXPLORER A. MEDIUM B1T1'),
(182, 'DENTAL B', 16, '0000000336', 'DB EXPLORER A.HARD B1T1'),
(183, 'DENTAL B', 16, '0000000337', 'DB CHAMPION SOFT'),
(184, 'DENTAL B', 16, '0000000338', 'DB CHAMPION MEDIUM'),
(185, 'DENTAL B', 16, '0000000339', 'DB CHAMPION HARD'),
(186, 'DENTAL B', 16, '0000000340', 'DENTAL B BASIC JUNIOR SOFT'),
(187, 'DENTAL B', 16, '0000000341', 'DENTAL B BASIC ADULT SOFT'),
(188, 'DENTAL B', 16, '0000000342', 'DENTAL B BASIC ADULT MEDIUM'),
(189, 'DENTAL B', 16, '0000000343', 'DENTAL B BASIC ADULT HARD'),
(190, 'DENTAL B', 16, '0000000344', 'DB BUDGET 12s IN PAD'),
(191, 'DENTAL B', 16, '0000000448', 'Dental B Green Twin Adult Hard 2s'),
(192, 'DENTAL B', 16, '0000000462', 'Dental B Green Adult Soft 1s'),
(193, 'DENTAL B', 16, '0000000463', 'Dental B Green Twin Soft 2s'),
(194, 'DENTAL B', 16, '0000000615', 'Dental B Green Twin Adult Medium 2s'),
(195, 'DENTAL B', 16, '0000000616', 'Dental B Green Adult Medium 1s'),
(196, 'DENTAL B', 16, '0000000617', 'Dental B Green Adult Hard 1s'),
(197, 'DOUBLE DAGON', 17, '0000000103', 'MIKEES PANCIT CANTON 400G'),
(198, 'DOUBLE DAGON', 17, '0000000104', 'MIKEES PANCIT CANTON 200G'),
(199, 'DOUBLE DAGON', 17, '0000000121', 'MIKEES BIHON 500G'),
(200, 'DOUBLE DAGON', 17, '0000000180', 'KENLEYS PANCIT CANTON 400G'),
(201, 'DOUBLE DAGON', 17, '0000000181', 'KENLEYS PANCIT CANTON 200G'),
(202, 'DOUBLE DAGON', 17, '0000000193', 'KENLEYS GOLDEN BIHON 500G'),
(203, 'EHT TRADING', 18, '0000000598', 'Mantica Premium Palm Oil (17Liters)'),
(204, 'FOURACES CORPORATION', 5, '0000000474', 'TP Fullo Stick Choco 36x5s'),
(205, 'FOURACES CORPORATION', 5, '0000000475', 'TP Mintz Duomint 24 x 50s'),
(206, 'FOURACES CORPORATION', 5, '0000000476', 'TP Mintz Peppermint 24 x 50s'),
(207, 'FOURACES CORPORATION', 5, '0000000477', 'TP Fullo Stick Choco Vanilla 12 x 24'),
(208, 'FOURACES CORPORATION', 5, '0000000478', 'TP Fullo Vanilla Milk 36 x 5'),
(209, 'FOURACES CORPORATION', 5, '0000000479', 'TP Fullo Blasto 16x15x18g'),
(210, 'FOURACES CORPORATION', 5, '0000000480', 'TP Fullo Jar 1x12jar'),
(211, 'FOURACES CORPORATION', 5, '0000000481', 'TP Fullo Waffle 6x20x8g'),
(212, 'FOURACES CORPORATION', 5, '0000000482', 'TP Fullo Waffle 8x6x48g'),
(213, 'FOURACES CORPORATION', 5, '0000000499', 'TP Fullo Bitz 24 x 80g'),
(214, 'GREEN BANYAN MARKETING CORPORATION', 15, '0000000251', 'LIBY WHITENING & STAIN FREE DP 35GX150'),
(215, 'GREEN BANYAN MARKETING CORPORATION', 15, '0000000254', 'LIBY WHITENING & STAIN FREE DP 110G'),
(216, 'GREEN BANYAN MARKETING CORPORATION', 15, '0000000409', 'LIBY SUPER CLEAN FRAGRANT 35GX150'),
(217, 'GREEN BANYAN MARKETING CORPORATION', 15, '0000000437', 'LIBY SUPER CLEAN FLORAL BREEZE DP 50G'),
(218, 'GREEN BANYAN MARKETING CORPORATION', 15, '0000000439', 'LIBY SUPER CLEAN FLORAL BREEZE DP 100G'),
(219, 'GREEN BANYAN MARKETING CORPORATION', 15, '0000000440', 'LIBY SUPER CLEAN FRAGRANT DP 500G'),
(220, 'GREEN BANYAN MARKETING CORPORATION', 15, '0000000441', 'LIBY SUPER CLEAN FRAGRANT DP 1KGX12'),
(221, 'GREEN BANYAN MARKETING CORPORATION', 15, '0000000451', '5+1 Liby Whitening and Stain Free DP 35g'),
(222, 'GREEN BANYAN MARKETING CORPORATION', 15, '0000000453', '5+1 Liby Super Clean Floral Fragrant 50g'),
(223, 'GREEN BANYAN MARKETING CORPORATION', 15, '0000000484', 'Liby Lemon Fragrance DP 70g x 144'),
(224, 'GREEN BANYAN MARKETING CORPORATION', 15, '0000000485', 'Liby Lemon Fragrance DP 105g x 108'),
(225, 'GREEN BANYAN MARKETING CORPORATION', 15, '0000000652', 'LIBY LEMON FRAGRANCE 1000GX12'),
(226, 'GREEN BANYAN MARKETING CORPORATION', 15, '0000000653', 'LIBY LEMON FRAGRANCE 2600KG X 4'),
(227, 'GREEN BANYAN MARKETING CORPORATION', 19, '0000000442', 'LIBY DISHWASHING EASY REMOVE STAIN 500ML'),
(228, 'GREEN BANYAN MARKETING CORPORATION', 19, '0000000443', 'LIBY GINGER DISHWASHING 500MLX 28'),
(229, 'GREEN BANYAN MARKETING CORPORATION', 19, '0000000444', 'LIBY MINERAL SALT 460ML X 16 WF'),
(230, 'GREEN BANYAN MARKETING CORPORATION', 19, '0000000483', 'Liby Mineral Salt 1100ml'),
(231, 'GREEN BANYAN MARKETING CORPORATION', 20, '0000000445', 'SUPERB TOILET CLEANER 500ML X 30'),
(232, 'GREEN BANYAN MARKETING CORPORATION', 20, '0000000666', 'Vewin Toilet Cleaner Sparkling+Powerful'),
(233, 'GREEN BANYAN MARKETING CORPORATION', 21, '0000000446', 'SAINT SEALAND A/F LEMON 320ML'),
(234, 'GREEN BANYAN MARKETING CORPORATION', 21, '0000000447', 'SAINT SEALAND A/F JASMINE 320ML'),
(235, 'GREEN BANYAN MARKETING CORPORATION', 21, '0000000460', 'SAINT SEALAND A/F LEMON 70G'),
(236, 'GREEN BANYAN MARKETING CORPORATION', 21, '0000000461', 'SAINT SEALAND A/F JASMINE 70 G'),
(237, 'GREEN BANYAN MARKETING CORPORATION', 22, '0000000454', 'Vewin Household Disinfectant 600g'),
(238, 'GREEN BANYAN MARKETING CORPORATION', 22, '0000000455', 'Vewin 10in1 Kitchen Cleaner 500g'),
(239, 'GREEN BANYAN MARKETING CORPORATION', 22, '0000000456', 'LIBY ORANGE DISHWASHING 460ML X 16 WF'),
(240, 'GREEN BANYAN MARKETING CORPORATION', 22, '0000000457', 'LIBY GREEN TEA DISHWASHING 460ML X 16 WF'),
(241, 'GREEN BANYAN MARKETING CORPORATION', 22, '0000000458', 'LIBY LEMON FRAGRANCE POWDER 40grams'),
(242, 'GENTRO', 4, '0000000122', 'MANI Pork L/Meat 397GX3X16'),
(243, 'GENTRO', 4, '0000000123', 'MANI Pork L/Meat 397GX48'),
(244, 'GENTRO', 4, '0000000124', 'MANI Pork Luncheon Meat 175GX3'),
(245, 'GENTRO', 4, '0000000131', 'LIBERTY PREM HAM L/M 375GX24'),
(246, 'GENTRO', 4, '0000000132', 'LIBERTY PREM CHICKEN L/M 375GX24'),
(247, 'GENTRO', 4, '0000000133', 'LIBERTY PREM BEEF L/M 375GX24'),
(248, 'GENTRO', 4, '0000000134', 'LIBERTY PREM PORK L/M 375GX24'),
(249, 'GENTRO', 4, '0000000136', 'LIBERTY MIX LOAF PACK OF 3s'),
(250, 'GENTRO', 4, '0000000137', 'LIBERTY MEAT LOAF 48 x 200G'),
(251, 'GENTRO', 4, '0000000145', 'LIBERTY CHICKEN LOAF 48 x 200G'),
(252, 'GENTRO', 4, '0000000150', 'LIBERTY BEEF LOAF 48 x 200G'),
(253, 'GENTRO', 4, '0000000155', 'LIBERTY Pork & Ham 375GX3X16'),
(254, 'GENTRO', 4, '0000000156', 'LIBERTY Pork & Ham 375GX48'),
(255, 'GENTRO', 4, '0000000157', 'LIBERTY Ham L/ Meat 375GX3X8'),
(256, 'GENTRO', 4, '0000000158', 'LIBERTY HAM L/ Meat 375GX24'),
(257, 'GENTRO', 4, '0000000161', 'LIBERTY Chicken L/ Meat 375GX3X8'),
(258, 'GENTRO', 4, '0000000162', 'LIBERTY Chicken L/ Meat 375GX24'),
(259, 'GENTRO', 4, '0000000165', 'LIBERTY Beef L/ Meat 375GX3X8'),
(260, 'GENTRO', 4, '0000000166', 'LIBERTY Beef L/ Meat 375GX24'),
(261, 'GENTRO', 4, '0000000169', 'LIBERTY Pork L/ Meat 375GX3X8'),
(262, 'GENTRO', 4, '0000000170', 'LIBERTY PORK L/ Meat 375GX24'),
(263, 'GENTRO', 4, '0000000171', 'LIBERTY Pork L/ Meat 165GX3X16'),
(264, 'GENTRO', 4, '0000000172', 'LIBERTY PORK L/ Meat 165GX48'),
(265, 'GENTRO', 4, '0000000271', 'FARMTOWN HAM L/Meat 340GX48'),
(266, 'GENTRO', 4, '0000000272', 'FARMTOWN CHICKEN L/Meat 340GX48'),
(267, 'GENTRO', 4, '0000000273', 'FARMTOWN BEEF L/Meat 340GX48'),
(268, 'GENTRO', 4, '0000000274', 'FARMTOWN PORK L/Meat 340GX48'),
(269, 'GENTRO', 4, '0000000408', 'MANI PORK LUNCHEON MEAT 175X1s'),
(270, 'GOLDEN SHINE PHARMACEUTICALS', 23, '0000000042', 'Jimms 5in1 Coffe Mix-Stand up Pouch 400'),
(271, 'GOLDEN SHINE PHARMACEUTICALS', 23, '0000000226', 'Jimms Cafe Clara 30g x 4s'),
(272, 'GOLDEN SHINE PHARMACEUTICALS', 23, '0000000227', 'Jimms Cafe Clara 30g x 12s'),
(273, 'GOLDEN SHINE PHARMACEUTICALS', 23, '0000000232', 'Jimms Brown Coffee 21GX24'),
(274, 'GOLDEN SHINE PHARMACEUTICALS', 23, '0000000233', 'Jimms Black Coffee P Ginseng2g X24'),
(275, 'GOLDEN SHINE PHARMACEUTICALS', 23, '0000000234', 'Jimms 7 in 1 X 20S'),
(276, 'GOLDEN SHINE PHARMACEUTICALS', 23, '0000000235', 'Jimms 7 in 1 X12S'),
(277, 'GOLDEN SHINE PHARMACEUTICALS', 23, '0000000236', 'Jimms 5 in 1 Sugar Free 20s'),
(278, 'GOLDEN SHINE PHARMACEUTICALS', 23, '0000000237', 'Jimms 5 in 1 x 20s'),
(279, 'GOLDEN SHINE PHARMACEUTICALS', 23, '0000000238', 'Jimms 5 in 1 x 12s'),
(280, 'GOLDEN SHINE PHARMACEUTICALS', 23, '0000000239', 'Jimms 4 in 1 X12'),
(281, 'GOLDEN SHINE PHARMACEUTICALS', 23, '0000000240', 'Jimms 3 Plus 1 w/ ginseng 12'),
(282, 'INRYO', 24, '0000000101', 'Omizu Cute 500mlx24'),
(283, 'INTELLIGENT SKIN CARE,INC.', 6, '0000000501', 'Belo Kojic Classic 65g x 48'),
(284, 'INTELLIGENT SKIN CARE,INC.', 6, '0000000502', 'Belo Kojic Classic 65g x 24 (2+1)'),
(285, 'INTELLIGENT SKIN CARE,INC.', 6, '0000000503', 'Belo Kojic Exfoliating Bar 65g x 48'),
(286, 'INTELLIGENT SKIN CARE,INC.', 6, '0000000504', 'Belo Kojic Extra Moisture Bar 65g x 48'),
(287, 'INTELLIGENT SKIN CARE,INC.', 6, '0000000505', 'Belo Kojic Extra Moisture 65g x 36 (2pc)'),
(288, 'INTELLIGENT SKIN CARE,INC.', 6, '0000000506', 'Belo Kojic Exfoliating Bar 65g x36 (2pc)'),
(289, 'INTELLIGENT SKIN CARE,INC.', 6, '0000000514', 'Belo Blue Bar Soap 65g x 72'),
(290, 'INTELLIGENT SKIN CARE,INC.', 6, '0000000515', 'Belo Blue Bar Soap 90g x 96'),
(291, 'INTELLIGENT SKIN CARE,INC.', 6, '0000000516', 'Belo Blue Bar Soap 135g x 72'),
(292, 'INTELLIGENT SKIN CARE,INC.', 6, '0000000517', 'Belo Pink Bar Soap 65g x 72'),
(293, 'INTELLIGENT SKIN CARE,INC.', 6, '0000000518', 'Belo Pink Bar Soap 90g x 96'),
(294, 'INTELLIGENT SKIN CARE,INC.', 6, '0000000519', 'Belo Pink Bar 135g x 72'),
(295, 'INTELLIGENT SKIN CARE,INC.', 6, '0000000540', 'Promo: 3pcs.  Pink Body Bar 65g x 24'),
(296, 'INTELLIGENT SKIN CARE,INC.', 6, '0000000541', 'Promo: 3pcs. Pink Body Bar 90g x 30'),
(297, 'INTELLIGENT SKIN CARE,INC.', 6, '0000000542', 'Belo Papaya Soap 65g x 60'),
(298, 'INTELLIGENT SKIN CARE,INC.', 6, '0000000543', 'Belo Papaya Soap 135g x 72'),
(299, 'INTELLIGENT SKIN CARE,INC.', 6, '0000000573', 'Acne Pro Pimple Fighting Bar 65g x 72'),
(300, 'INTELLIGENT SKIN CARE,INC.', 6, '0000000574', 'Acne Pro System Pack (bar,toner,gel) x14'),
(301, 'INTELLIGENT SKIN CARE,INC.', 6, '0000000575', 'Belo Baby Bar Soap 100g x 72'),
(302, 'INTELLIGENT SKIN CARE,INC.', 6, '0000000580', 'Belo Men Deeep Cleansing Bar 135gx 72'),
(303, 'INTELLIGENT SKIN CARE,INC.', 6, '0000000581', 'Belo Men Body Bar 90g x 96'),
(304, 'INTELLIGENT SKIN CARE,INC.', 6, '0000000582', 'Belo Men Body Bar 135g x 72'),
(305, 'INTELLIGENT SKIN CARE,INC.', 6, '0000000583', 'Belo Men Body Bar 3pcs. pack x 30'),
(306, 'INTELLIGENT SKIN CARE,INC.', 6, '0000000586', 'Promo: Belo Papaya Soap 135g (2+1) x 24'),
(307, 'INTELLIGENT SKIN CARE,INC.', 6, '0000000587', 'Promo: Belo Papaya Body Bar 65g (2+1)x20'),
(308, 'INTELLIGENT SKIN CARE,INC.', 7, '0000000544', 'Belo Blue Lotion 100ml x 48'),
(309, 'INTELLIGENT SKIN CARE,INC.', 7, '0000000545', 'Belo Lotion Blue 200mlx 24'),
(310, 'INTELLIGENT SKIN CARE,INC.', 7, '0000000546', 'Belo Pink Lotion 100ml x 48'),
(311, 'INTELLIGENT SKIN CARE,INC.', 7, '0000000547', 'Belo Pink Lotion 200ml x 24'),
(312, 'INTELLIGENT SKIN CARE,INC.', 7, '0000000548', 'Belo Papaya Lotion 100ml  x 48'),
(313, 'INTELLIGENT SKIN CARE,INC.', 7, '0000000549', 'Belo Papaya Lotion 200ml x 24'),
(314, 'INTELLIGENT SKIN CARE,INC.', 7, '0000000592', 'Promo:Belo Pink Lotion 200ml + Free100ml'),
(315, 'INTELLIGENT SKIN CARE,INC.', 7, '0000000594', 'Promo:Belo Papaya Lotion 200ml+Free Soap'),
(316, 'INTELLIGENT SKIN CARE,INC.', 9, '0000000572', 'Acne Pro Pimple Gel 10g x 24'),
(317, 'INTELLIGENT SKIN CARE,INC.', 25, '0000000579', 'Belo Hand Sanitizer Blueberry 50mlx 48'),
(318, 'INTELLIGENT SKIN CARE,INC.', 10, '0000000576', 'Belo Baby Cologne Sweet Snuggle 100mlx48'),
(319, 'INTELLIGENT SKIN CARE,INC.', 10, '0000000577', 'Belo Baby Cologne Cool Drizzle 100ml x48'),
(320, 'INTELLIGENT SKIN CARE,INC.', 11, '0000000561', 'Belo Blue Face Wash 50ml x 48'),
(321, 'INTELLIGENT SKIN CARE,INC.', 11, '0000000562', 'Belo Blue Face Wash 100ml x 48'),
(322, 'INTELLIGENT SKIN CARE,INC.', 11, '0000000563', 'Belo Pink Face Wash 50ml x 48'),
(323, 'INTELLIGENT SKIN CARE,INC.', 11, '0000000564', 'Belo Pink Face Wash 100ml x 48'),
(324, 'INTELLIGENT SKIN CARE,INC.', 11, '0000000570', 'Acne Pro Pimple Face Wash 50mlx 48'),
(325, 'INTELLIGENT SKIN CARE,INC.', 11, '0000000591', 'Belo Sun Expert Ultragentle Spray 140ml'),
(326, 'INTELLIGENT SKIN CARE,INC.', 12, '0000000507', 'Belo Kojic Body Cream 50ml x 48'),
(327, 'INTELLIGENT SKIN CARE,INC.', 12, '0000000508', 'Belo Kojic Body Cream 150ml x 24'),
(328, 'INTELLIGENT SKIN CARE,INC.', 12, '0000000509', 'Belo Kojic BB Body Cream Spray 100mlx12'),
(329, 'INTELLIGENT SKIN CARE,INC.', 12, '0000000510', 'Belo Kojic Face & Neck Cream 50g x 24'),
(330, 'INTELLIGENT SKIN CARE,INC.', 12, '0000000511', 'Belo BB Cream 10ml x 24'),
(331, 'INTELLIGENT SKIN CARE,INC.', 12, '0000000512', 'Belo BB Cream 50ml x 12'),
(332, 'INTELLIGENT SKIN CARE,INC.', 12, '0000000568', 'Belo Night Therapy Vitamin Cream 50g x48'),
(333, 'INTELLIGENT SKIN CARE,INC.', 12, '0000000569', 'Belo Day Cover Vitamin Cream SPF1550gx48'),
(334, 'INTELLIGENT SKIN CARE,INC.', 12, '0000000588', 'Promo: Belo Kojic Body Cream 150ml +50ml'),
(335, 'INTELLIGENT SKIN CARE,INC.', 12, '0000000589', 'Belo Sun Expert Face Cover SPF40 50mlx12'),
(336, 'INTELLIGENT SKIN CARE,INC.', 12, '0000000590', 'Belo Sun Expert Body Shield SPF60 100ml'),
(337, 'INTELLIGENT SKIN CARE,INC.', 13, '0000000550', 'Belo Deo Roll-on 25ml x 48'),
(338, 'INTELLIGENT SKIN CARE,INC.', 13, '0000000551', 'Belo Deo Roll -on 40ml x 48'),
(339, 'INTELLIGENT SKIN CARE,INC.', 13, '0000000552', 'Belo Deo Spray 140ml x 24'),
(340, 'INTELLIGENT SKIN CARE,INC.', 13, '0000000553', 'Belo Deo Shower Fresh 25mlx 48'),
(341, 'INTELLIGENT SKIN CARE,INC.', 13, '0000000554', 'Belo Deo Shower Fresh 40ml x 48'),
(342, 'INTELLIGENT SKIN CARE,INC.', 13, '0000000555', 'Belo Deo Shower Fresh Spray 140ml x24'),
(343, 'INTELLIGENT SKIN CARE,INC.', 13, '0000000556', 'Belo Clinical Strength Deo 40ml x 48'),
(344, 'INTELLIGENT SKIN CARE,INC.', 13, '0000000558', 'Belo Intense White Deo Roll-on 40ml x 48'),
(345, 'INTELLIGENT SKIN CARE,INC.', 13, '0000000559', 'Belo Intense White Deo Sachet 3ml x 360'),
(346, 'INTELLIGENT SKIN CARE,INC.', 13, '0000000560', 'Belo Essential Deo Sachet 3ml x 360'),
(347, 'INTELLIGENT SKIN CARE,INC.', 13, '0000000593', 'Promo:Belo Intense White Deo 40ml B1T1'),
(348, 'INTELLIGENT SKIN CARE,INC.', 13, '0000000595', 'Promo: Belo Beauty Deo 40ml B1T1 x 24'),
(349, 'INTELLIGENT SKIN CARE,INC.', 14, '0000000578', 'Belo Hand Sanitizer Peach 50ml x 48'),
(350, 'INTELLIGENT SKIN CARE,INC.', 26, '0000000513', 'Belo Kojic Exfoliating Toner 60ml x 48'),
(351, 'INTELLIGENT SKIN CARE,INC.', 26, '0000000565', 'Belo Blue Toner 100ml x 48'),
(352, 'INTELLIGENT SKIN CARE,INC.', 26, '0000000566', 'Belo Pink Toner 60ml x 48'),
(353, 'INTELLIGENT SKIN CARE,INC.', 26, '0000000567', 'Belo Pink Toner 100ml x 48'),
(354, 'INTELLIGENT SKIN CARE,INC.', 26, '0000000571', 'Acne Pro Toner 60ml x 48'),
(355, 'INTELLIGENT SKIN CARE,INC.', 27, '0000000584', 'Belo Glutathione + Collagen 10s x 24'),
(356, 'INTELLIGENT SKIN CARE,INC.', 27, '0000000585', 'Belo Gluthathione + Collagen 30s x 8'),
(357, 'LORENZANA', 25, '0000000125', 'LORINS VALUE PACK 2X1000ML'),
(358, 'LORENZANA', 25, '0000000126', 'LORINS SUKA SASA LITER 1000ML'),
(359, 'LORENZANA', 25, '0000000127', 'LORINS SUKA SASA GALLON 3785ML'),
(360, 'LORENZANA', 25, '0000000128', 'LORINS SOY SAUCE LITER 1000ML'),
(361, 'LORENZANA', 25, '0000000129', 'LORINS SOY SAUCE GALLON 3785ML'),
(362, 'LORENZANA', 25, '0000000130', 'LORINS PREMIUM PATIS 200ML'),
(363, 'LORENZANA', 25, '0000000135', 'LORINS ORIGINAL BLEND 24X300ML'),
(364, 'LORENZANA', 25, '0000000138', 'LORINS G.PATIS PLASTIC 350ML'),
(365, 'LORENZANA', 25, '0000000139', 'LORINS G.PATIS LITER 1000ML'),
(366, 'LORENZANA', 25, '0000000140', 'LORINS G.PATIS HALF GALLON 1892ML'),
(367, 'LORENZANA', 25, '0000000141', 'LORINS G.PATIS GALLON 3785ML'),
(368, 'LORENZANA', 25, '0000000142', 'LORINS G.PATIS POUCH 350ML'),
(369, 'LORENZANA', 25, '0000000143', 'LORINS G.PATIS POUCH 150ML'),
(370, 'LORENZANA', 25, '0000000144', 'LORINS G.CHILI PATIS 350ML'),
(371, 'LORENZANA', 25, '0000000146', 'LORINS BALAYAN SAUCE GNGR CHLI'),
(372, 'LORENZANA', 25, '0000000147', 'LORINS BALAYAN SAUCE GINGER'),
(373, 'LORENZANA', 25, '0000000148', 'LORINS BAGOONG SAUCE 310ML'),
(374, 'LORENZANA', 25, '0000000149', 'LORINS BUDGET PACK 3X350ML'),
(375, 'LORENZANA', 25, '0000000152', 'LORINS ALAMANG GUISADO SWEET 8OZ'),
(376, 'LORENZANA', 25, '0000000153', 'LORINS ALAMANG GUISADO 8OZ'),
(377, 'LORENZANA', 25, '0000000154', 'LORINS ALAMANG GUISADO SPICY 8OZ'),
(378, 'LORENZANA', 25, '0000000256', 'FILTASTE TABA NG TALANGKA 8OZ'),
(379, 'LORENZANA', 25, '0000000257', 'FILTASTE NATA WHITE 32OZ'),
(380, 'LORENZANA', 25, '0000000258', 'FILTASTE NATA WHITE 12OZ'),
(381, 'LORENZANA', 25, '0000000259', 'FILTASTE NATA RED 32OZ'),
(382, 'LORENZANA', 25, '0000000260', 'FILTASTE NATA RED 12OZ'),
(383, 'LORENZANA', 25, '0000000261', 'FILTASTE NATA GREEN 32OZ'),
(384, 'LORENZANA', 25, '0000000262', 'FILTASTE NATA GREEN 12OZ'),
(385, 'LORENZANA', 25, '0000000263', 'FILTASTE KAONG WHITE 32OZ'),
(386, 'LORENZANA', 25, '0000000264', 'FILTASTE KAONG WHITE 12OZ'),
(387, 'LORENZANA', 25, '0000000265', 'FILTASTE KAONG RED 32OZ'),
(388, 'LORENZANA', 25, '0000000266', 'FILTASTE KAONG RED 12OZ'),
(389, 'LORENZANA', 25, '0000000267', 'FILTASTE KAONG GREEN 32OZ'),
(390, 'LORENZANA', 25, '0000000268', 'FILTASTE KAONG GREEN 12OZ'),
(391, 'LORENZANA', 25, '0000000270', 'LORINS COCONUT MILK 400ML'),
(392, 'LORENZANA', 25, '0000000418', 'LORINS PATIS SACHET 240 X 15ML'),
(393, 'LORENZANA', 25, '0000000419', 'Lorins Prem. Fry & Grill Mar. 24 x 200ml'),
(394, 'LORENZANA', 25, '0000000420', 'Lorins Prem. Green Chili Sauce 24 x 245G'),
(395, 'LORENZANA', 25, '0000000421', 'Lorins Dip. Sauce & Salad Dress 24x200ml'),
(396, 'LORENZANA', 25, '0000000422', 'Lorins Patis Puro 24 x 310 ml'),
(397, 'LORENZANA', 25, '0000000423', 'Promo - Lorins Patis 15ml 36 + 4 free'),
(398, 'LORENZANA', 25, '0000000425', 'Promo: Lorins Patis Pouch 150ml w/ 7+1'),
(399, 'LORENZANA', 25, '0000000433', 'Lorins Patis Twin Pack 1000ml'),
(400, 'MANILA WAX COMMERCIAL CORPORATION', 28, '0000000486', 'Sperma Candle #1 White 5s x 100pk'),
(401, 'MANILA WAX COMMERCIAL CORPORATION', 28, '0000000487', 'Sperma Candle #2 White 10s x 50pk'),
(402, 'MANILA WAX COMMERCIAL CORPORATION', 28, '0000000488', 'Sperma Candle #3 White 20s x 50pk'),
(403, 'MANILA WAX COMMERCIAL CORPORATION', 28, '0000000489', 'Sperma Candle #4 White 20s x 50pk'),
(404, 'MANILA WAX COMMERCIAL CORPORATION', 28, '0000000490', 'Sperma Candle #14 White 4s x 50pk'),
(405, 'MANILA WAX COMMERCIAL CORPORATION', 28, '0000000491', 'Sperma Candle #16 White 2s x 50pk'),
(406, 'MANILA WAX COMMERCIAL CORPORATION', 28, '0000000492', 'Candle Votive #1 White 6s x 40pk'),
(407, 'MANILA WAX COMMERCIAL CORPORATION', 28, '0000000493', 'Candle Votive #2 White 6s x 40pk'),
(408, 'NUTREZA FOOD CORPORATION', 29, '0000000167', 'Batata Juice Drink Green Apple 250mlx10'),
(409, 'NUTREZA FOOD CORPORATION', 29, '0000000374', 'Batata Jelly Juice Green Apple 150mlx10'),
(410, 'NUTREZA FOOD CORPORATION', 29, '0000000376', 'Batata Jelly Juice Strawberry 150mlx10'),
(411, 'NUTREZA FOOD CORPORATION', 29, '0000000377', 'Batata Milk Drink 150mlx10'),
(412, 'NUTREZA FOOD CORPORATION', 29, '0000000378', 'Batata Jelly Juice Pineapple 150mlx10'),
(413, 'NUTREZA FOOD CORPORATION', 29, '0000000379', 'Batata Juice Drink Mango 250mlx10'),
(414, 'NUTREZA FOOD CORPORATION', 29, '0000000380', 'Batata Jelly Juice Orange 150mlx10'),
(415, 'NUTREZA FOOD CORPORATION', 29, '0000000400', 'Batata Juice Drink Orange 250mlx10'),
(416, 'NUTREZA FOOD CORPORATION', 30, '0000000364', 'Batata Ice Candy Fruit 10pcs. x 6'),
(417, 'NUTREZA FOOD CORPORATION', 30, '0000000367', 'Batata Ice Candy Cola 10pcs.x 6'),
(418, 'NUTREZA FOOD CORPORATION', 31, '0000000369', 'Batata Jelly Pudding Stick 20pcs.x30'),
(419, 'NUTREZA FOOD CORPORATION', 31, '0000000371', 'Batata Crystal Jelly Stick Jr. 24x24'),
(420, 'NUTREZA FOOD CORPORATION', 31, '0000000372', 'Batata Jelly Pudding Cup Big 24x24'),
(421, 'NUTREZA FOOD CORPORATION', 31, '0000000373', 'Batata Crystal Jelly Cup Big 24x24'),
(422, 'NUTREZA FOOD CORPORATION', 31, '0000000375', 'Batata Crystal Jelly Cup 12pcs. x 48'),
(423, 'OXFORD', 5, '0000000030', 'KEIKO TWIGS STRAWBERRY 200g'),
(424, 'OXFORD', 5, '0000000112', 'Keiko Jammin Double Choco 40s'),
(425, 'OXFORD', 5, '0000000164', 'Keiko Jammin Milkee 40s'),
(426, 'OXFORD', 5, '0000000174', 'Keiko Twigs Milk 200g'),
(427, 'OXFORD', 5, '0000000175', 'Keiko Twigs Loco Watermelon'),
(428, 'OXFORD', 5, '0000000176', 'Keiko Twigs Loco Blueberry'),
(429, 'OXFORD', 5, '0000000177', 'Keiko Twigs Chocolate 200g'),
(430, 'OXFORD', 5, '0000000178', 'Keiko Paloca Tamarind Candy'),
(431, 'OXFORD', 5, '0000000179', 'Puddy Moonster Jelly Fruit 600'),
(432, 'OXFORD', 5, '0000000182', 'Keiko Poc Nut 120g'),
(433, 'OXFORD', 5, '0000000183', 'Keiko Ninja Ball (Melon,Grapes,Straw)'),
(434, 'OXFORD', 5, '0000000184', 'Keiko Ninja Ball Mango,Banana,Watermelon'),
(435, 'OXFORD', 5, '0000000185', 'Keiko Mintahh Freeze Mint'),
(436, 'OXFORD', 5, '0000000186', 'Keiko Liloo Pop! 150g'),
(437, 'OXFORD', 5, '0000000187', 'Keiko Jammin Strawberry 120s'),
(438, 'OXFORD', 5, '0000000188', 'Keiko Jammin Milkee 120s'),
(439, 'OXFORD', 5, '0000000189', 'Jello Moonsters Furit Jelly600'),
(440, 'OXFORD', 5, '0000000191', 'Keiko Jammin double choco 120s'),
(441, 'OXFORD', 5, '0000000192', 'KEIKO JEWELS'),
(442, 'OXFORD', 5, '0000000194', 'KEIKO DOTS'),
(443, 'OXFORD', 5, '0000000195', 'Keiko Cheeky Sweet LycheeCandy'),
(444, 'OXFORD', 5, '0000000196', 'KEIKO CHUMMY CHEW MILK'),
(445, 'OXFORD', 5, '0000000197', 'KEIKO CHUMMY CHEW FRUIT'),
(446, 'OXFORD', 5, '0000000397', 'Keiko Jammin Strawberry 40s'),
(447, 'OXFORD', 24, '0000000399', 'BRAGG APPLE CIDER VINEGAR 320Z X12'),
(448, 'OXFORD', 32, '0000000151', 'LONDON ROLL STRAWBERRY 20GX12'),
(449, 'OXFORD', 32, '0000000414', 'London Roll milk cream 20gx12'),
(450, 'OXFORD', 33, '0000000045', 'KEIKO MOONSTER PUDDING STIX ASST.'),
(451, 'OXFORD', 33, '0000000075', 'KEIKO MOONSTER JELLY STIX ASST.'),
(452, 'PAPERTECH', 34, '0000000001', 'TOILY NAPS PREM KTOWEL JUM2X36'),
(453, 'PAPERTECH', 34, '0000000002', 'TOILY NAPS PREM KTOWEL JUM1X72'),
(454, 'PAPERTECH', 34, '0000000003', 'TOILY NAPS PREM KTOWEL3X24'),
(455, 'PAPERTECH', 34, '0000000004', 'TOILY NAPS PREM KTOWEL2X36'),
(456, 'PAPERTECH', 34, '0000000005', 'TOILY NAPS PREM HTOWEL1X36'),
(457, 'PAPERTECH', 34, '0000000006', 'TOILY GIANT BTISSUE 1X96'),
(458, 'PAPERTECH', 34, '0000000007', 'TOILY GIANT BTISSUE 8X12'),
(459, 'PAPERTECH', 34, '0000000008', 'TOILY GIANT BTISSUE 4X24'),
(460, 'PAPERTECH', 34, '0000000009', 'TOILY BTISSUE 1X96'),
(461, 'PAPERTECH', 34, '0000000010', 'TOILY BTISSUE 6X16'),
(462, 'PAPERTECH', 34, '0000000011', 'TOILY BTISSUE 24X4'),
(463, 'PAPERTECH', 34, '0000000012', 'TOILY BTISSUE 12X8'),
(464, 'PAPERTECH', 34, '0000000248', 'HELLO PRE CUT TABLE NAP. 2K'),
(465, 'PAPERTECH', 34, '0000000249', 'HELLO PRE CUT TABLE NAP. 1K'),
(466, 'PAPERTECH', 34, '0000000250', 'BABYFIT WET WIPES 30sX60'),
(467, 'PAPERTECH', 34, '0000000252', 'HELLO BT GRANDE 1s'),
(468, 'PAPERTECH', 34, '0000000253', 'HELLO BT GRANDE 4s'),
(469, 'PAPERTECH', 34, '0000000255', 'HELLO BT GRANDE 12s'),
(470, 'PAPERTECH', 34, '0000000275', 'EXTRA SOFT N WHITE TRAVEL 50pulls'),
(471, 'PAPERTECH', 34, '0000000276', 'EXTRA PREM.WET TISSUE10SHTS'),
(472, 'PAPERTECH', 34, '0000000277', 'EXTRA PREM PAPER TOWEL 9X2s'),
(473, 'PAPERTECH', 34, '0000000278', 'EXTRA COTTON ROLL 50G 50X72'),
(474, 'PAPERTECH', 34, '0000000279', 'EXTRA COTTON ROLL 25G 25X100'),
(475, 'PAPERTECH', 34, '0000000280', 'EXTRA COTTON ROLL 100GX60'),
(476, 'PAPERTECH', 34, '0000000281', 'EXTRA COTTON ROLL 10G 15X100'),
(477, 'PAPERTECH', 34, '0000000282', 'EXTRA PREM PAPER TOW 11X1s'),
(478, 'PAPERTECH', 34, '0000000283', 'EXTRA SOFT N WHITE POCKET TISSUE'),
(479, 'PAPERTECH', 34, '0000000284', 'EXTRA PREM COTTON BUDS  80-ZIP'),
(480, 'PAPERTECH', 34, '0000000285', 'EXTRA PREM  COTTON. BALLS 50s'),
(481, 'PAPERTECH', 34, '0000000286', 'EXTRA PREM COTTON BUDS 200-ZIP'),
(482, 'PAPERTECH', 34, '0000000287', 'EXTRA PREM COTTON BALLS 150s'),
(483, 'PAPERTECH', 34, '0000000288', 'EXTRA PREM COTTON BUDS 108-ZIP'),
(484, 'PAPERTECH', 34, '0000000289', 'EXTRA MINI CORELESS 2s'),
(485, 'PAPERTECH', 34, '0000000290', 'EXTRA MINI CORELESS 6s'),
(486, 'PAPERTECH', 34, '0000000291', 'EXTRA SOFT N WHITE JUMBO'),
(487, 'PAPERTECH', 34, '0000000292', 'EXTRA JUMBO B.TISSUE SINGLE'),
(488, 'PAPERTECH', 34, '0000000293', 'EXTRA JUMBO ROLL BTISS.4X24'),
(489, 'PAPERTECH', 34, '0000000294', 'EXTRA JUMBO ROLL BTISS.12X8'),
(490, 'PAPERTECH', 34, '0000000295', 'EXTRA FOLDED TABLE NAP 50S'),
(491, 'PAPERTECH', 34, '0000000296', 'EXTRA FOLDED NAP 400X8'),
(492, 'PAPERTECH', 34, '0000000297', 'EXTRA FOLDED TABLE NAP.350S'),
(493, 'PAPERTECH', 34, '0000000298', 'EXTRA FLAT TABLE NAP.1X48'),
(494, 'PAPERTECH', 34, '0000000299', 'EXTRA SOFT N WHITE FACIAL BOX 140pulls'),
(495, 'PAPERTECH', 34, '0000000300', 'EXTRA SOFT N WHITE EASY PCK'),
(496, 'PAPERTECH', 34, '0000000301', 'EXTRA CORELESS BTISS 4X24'),
(497, 'PAPERTECH', 34, '0000000302', 'EXTRA CORELESS BTISS 10X10'),
(498, 'PAPERTECH', 34, '0000000303', 'EXTRA COTTON 200 BUDS KIDDDY'),
(499, 'PAPERTECH', 34, '0000000304', 'EXTRA COTTON BUDS 400 TIPS'),
(500, 'PAPERTECH', 34, '0000000305', 'EXTRA COTTON BUDS240-CANISTER'),
(501, 'PAPERTECH', 34, '0000000306', 'EXTRA B.TISSUE 1X96'),
(502, 'PAPERTECH', 34, '0000000307', 'EXTRA B.TISSUE 4X24'),
(503, 'PAPERTECH', 34, '0000000308', 'EXTRA B.TISSUE 12X8'),
(504, 'PAPERTECH', 34, '0000000396', 'BABYFIT WET WIPES 80sX24'),
(505, 'PAPERTECH', 34, '0000000398', 'BABYFIT WET WIPES 10sX120'),
(506, 'PAPERTECH', 34, '0000000405', 'EXTRA PREM.PAPER TOWEL 11X2'),
(507, 'PAPERTECH', 34, '0000000406', 'EXTRA COTTON BUDS 400 CANISTER'),
(508, 'PAPERTECH', 34, '0000000407', 'EXTRA INTERFOLDED P.TOWEL 175 SHEETS'),
(509, 'PAPERTECH', 34, '0000000610', 'Pop Up 2ply premium 200 sheets x 96'),
(510, 'PEPSI PHIL. INC.', 35, '0000000353', 'Cheetos Cheese 16g x72'),
(511, 'PEPSI PHIL. INC.', 35, '0000000356', 'Cheetos BBQ 66g x24'),
(512, 'PEPSI PHIL. INC.', 34, '0000000358', 'Cheetos BBQ 16g x72'),
(513, 'ROGEMSON CORPORATION', 36, '0000000360', 'BIOGENIC ISOPROPYL 70% 75MLX72'),
(514, 'ROGEMSON CORPORATION', 36, '0000000361', 'BIOGENIC ISOPROPYL 70% 750MLX20'),
(515, 'ROGEMSON CORPORATION', 36, '0000000362', 'BIOGENIC ISOPROPYL 70% 50MLX72'),
(516, 'ROGEMSON CORPORATION', 36, '0000000363', 'BIOGENIC ISOPROPYL 70%500MLX36'),
(517, 'ROGEMSON CORPORATION', 36, '0000000365', 'BIOGENIC ISOPROPYL 70% 330MLX24'),
(518, 'ROGEMSON CORPORATION', 36, '0000000366', 'BIOGENIC ISOPROPYL 70%250MLX48'),
(519, 'ROGEMSON CORPORATION', 36, '0000000368', 'BIOGENIC ISOPROPYL 70% 150MLX60'),
(520, 'ROGEMSON CORPORATION', 36, '0000000370', 'BIOGENIC ISOPROPYL 70%1000MLX20'),
(521, 'ROGEMSON CORPORATION', 9, '0000000410', 'Gelee Hairworks sachet(12grms/48pcks)'),
(522, 'ROGEMSON CORPORATION', 10, '0000000381', 'Bambini Cologne Violet 50ml (Starry L)'),
(523, 'ROGEMSON CORPORATION', 4, '0000000382', 'Bambini Cologne Violet 25ml (Starry L)'),
(524, 'ROGEMSON CORPORATION', 10, '0000000382', 'Bambini Cologne Violet 25ml (Starry L)'),
(525, 'ROGEMSON CORPORATION', 10, '0000000383', 'Bambini Cologne Violet 125ml (Starry L)'),
(526, 'ROGEMSON CORPORATION', 10, '0000000384', 'Bambini Cologne Pink 50ml (Morning T)'),
(527, 'ROGEMSON CORPORATION', 10, '0000000385', 'Bambini Cologne Pink 25ml (Morning T)'),
(528, 'ROGEMSON CORPORATION', 10, '0000000386', 'Bambini Cologne Pink 125ml (Morning T)'),
(529, 'ROGEMSON CORPORATION', 10, '0000000387', 'Bambini Cologne Orange 50ml (Sunny P)'),
(530, 'ROGEMSON CORPORATION', 10, '0000000388', 'Bambini Cologne Orange 25ml (Sunny P)'),
(531, 'ROGEMSON CORPORATION', 10, '0000000389', 'Bambini Cologne Orange 125ml (Sunny P)'),
(532, 'ROGEMSON CORPORATION', 10, '0000000390', 'Bambini Cologne Green 50ml (Cotton C)'),
(533, 'ROGEMSON CORPORATION', 10, '0000000391', 'Bambini Cologne Green 25ml (Cotton C)'),
(534, 'ROGEMSON CORPORATION', 10, '0000000392', 'Bambini Cologne Green 125ml (Cotton C)'),
(535, 'ROGEMSON CORPORATION', 10, '0000000393', 'Bambini Cologne Blue 50ml (Ocean k)'),
(536, 'ROGEMSON CORPORATION', 10, '0000000394', 'Bambini Cologne Blue 25ml (Ocean k)'),
(537, 'ROGEMSON CORPORATION', 10, '0000000395', 'Bambini Colgne Blue 125ml (Ocean k)'),
(538, 'SAN2 CORPORATION', 37, '0000000618', 'Dr. P Basic Large 12 x 8s'),
(539, 'SAN2 CORPORATION', 37, '0000000619', 'Dr. P Basic Medium 12x 10s'),
(540, 'SAN2 CORPORATION', 37, '0000000620', 'Drypers WWD Jumbo Large 4 x 44s'),
(541, 'SAN2 CORPORATION', 37, '0000000621', 'Drypers WWD Jumbo Medium 4 x 52s'),
(542, 'SAN2 CORPORATION', 37, '0000000622', 'Drypers WWD Jumbo Small 4 x 58s'),
(543, 'SAN2 CORPORATION', 37, '0000000623', 'Drypers WWD Jumbo XXL 4 x 32s'),
(544, 'SAN2 CORPORATION', 37, '0000000624', 'Drypers WWD LCP Large 24 x 3s'),
(545, 'SAN2 CORPORATION', 37, '0000000625', 'Drypers WWD LCP Medium 24 x 4 s'),
(546, 'SAN2 CORPORATION', 37, '0000000626', 'Drypers WWD LCP NewBorn 24 x 4s'),
(547, 'SAN2 CORPORATION', 37, '0000000627', 'Drypers WWD LCP Small 24 x 4s'),
(548, 'SAN2 CORPORATION', 37, '0000000628', 'Drypers WWD LCP XL 24 x 3s'),
(549, 'SAN2 CORPORATION', 37, '0000000629', 'Drypers WWD LCP XXL 24 x 3s'),
(550, 'SAN2 CORPORATION', 37, '0000000630', 'Drypers WWD Mini Medium 12 x 14s'),
(551, 'SAN2 CORPORATION', 37, '0000000631', 'Drypers WWD Mini Pack Newborn 12 x 14s'),
(552, 'SAN2 CORPORATION', 37, '0000000632', 'Drypers WWD Mini Pack Small 12 x 16s'),
(553, 'SAN2 CORPORATION', 37, '0000000633', 'Drypers WWD Mini XL 12 x 10s'),
(554, 'SAN2 CORPORATION', 37, '0000000634', 'Drypers WWD RP Large 8 x 18s'),
(555, 'SAN2 CORPORATION', 37, '0000000635', 'Drypers WWD RP Medium 8 x 20s'),
(556, 'SAN2 CORPORATION', 37, '0000000636', 'Drypers WWD RP Newborn 8 x 24s'),
(557, 'SAN2 CORPORATION', 37, '0000000637', 'Drypers WWD RP Small 8 x 22s'),
(558, 'SAN2 CORPORATION', 37, '0000000638', 'Drypers WWD RP XL 8 x 16s'),
(559, 'SAN2 CORPORATION', 37, '0000000639', 'Drypers WWD RP XXL 8 x 14s'),
(560, 'SAN2 CORPORATION', 37, '0000000640', 'Drypers WWD Jumbo XL 4 x 36s'),
(561, 'SAN2 CORPORATION', 37, '0000000641', 'Drypers WWD Mini Large 12x 12s'),
(562, 'SAN2 CORPORATION', 37, '0000000642', 'Tena Maxi Overnight Large 6 x 9 s'),
(563, 'SAN2 CORPORATION', 37, '0000000643', 'Tena Maxi Overnight Medium 6 x 9s'),
(564, 'SAN2 CORPORATION', 37, '0000000644', 'Tena Underpad Large 12 x 8 s'),
(565, 'SAN2 CORPORATION', 37, '0000000645', 'Tena Value Large 8 x 10s'),
(566, 'SAN2 CORPORATION', 37, '0000000646', 'Tena Value Medium 8 x12s'),
(567, 'SAN2 CORPORATION', 37, '0000000661', 'Drypers Drypants Convi. Large 8 x15'),
(568, 'SAN2 CORPORATION', 37, '0000000662', 'Drypers Drypants Convi. XL 8 x 10'),
(569, 'SAN2 CORPORATION', 37, '0000000663', 'Drypers Drypants Jumbo Large 4 x 36'),
(570, 'SAN2 CORPORATION', 37, '0000000664', 'Drypers Drypants Jumbo XL 4 x 32'),
(571, 'SAN2 CORPORATION', 37, '0000000665', 'Drypers Drypants Jumbo XXL 4 x 28'),
(572, 'STARDUST INFANT WEARS, INC.', 13, '0000000599', 'Tawas Unscented 50g'),
(573, 'STARDUST INFANT WEARS, INC.', 13, '0000000600', 'Tawas Scented 50g'),
(574, 'STARDUST INFANT WEARS, INC.', 38, '0000000520', 'CC Trendy Baby Nipples Small x 48'),
(575, 'STARDUST INFANT WEARS, INC.', 38, '0000000521', 'CC Trendy Baby Nipples Medium x 48'),
(576, 'STARDUST INFANT WEARS, INC.', 38, '0000000522', 'CC Trendy Baby Nipples Large x 48'),
(577, 'STARDUST INFANT WEARS, INC.', 13, '0000000523', 'CC Blistered Liquid Wideneck Nipple x 48'),
(578, 'STARDUST INFANT WEARS, INC.', 39, '0000000524', 'CC Nutridel Feeding Bottle Round 4 oz'),
(579, 'STARDUST INFANT WEARS, INC.', 39, '0000000525', 'CC Nutridel Feeding Bottle Shaped 4 oz'),
(580, 'STARDUST INFANT WEARS, INC.', 39, '0000000526', 'CC Nutridel Feeding Bottle Round 8 oz'),
(581, 'STARDUST INFANT WEARS, INC.', 39, '0000000527', 'CC Nutridel Feeding Bottle Shape 8 oz'),
(582, 'STARDUST INFANT WEARS, INC.', 39, '0000000528', 'CC Trendy Feeding Bottle Single 2 oz'),
(583, 'STARDUST INFANT WEARS, INC.', 39, '0000000529', 'CC Wideneck Feeding Bottle 8 oz'),
(584, 'STARDUST INFANT WEARS, INC.', 40, '0000000532', 'CC 3Layer Opaque Milk Container'),
(585, 'STARDUST INFANT WEARS, INC.', 40, '0000000533', 'CC 3 Layer Transparent Milk Container'),
(586, 'STARDUST INFANT WEARS, INC.', 41, '0000000530', 'CC Baby Nasal Aspirator'),
(587, 'STARDUST INFANT WEARS, INC.', 41, '0000000534', 'CC Oblong Shaped Pacifier'),
(588, 'STARDUST INFANT WEARS, INC.', 41, '0000000535', 'CC Ribbon Shaped Pacifier'),
(589, 'STARDUST INFANT WEARS, INC.', 42, '0000000536', 'CC Baby Teether Horse Design'),
(590, 'STARDUST INFANT WEARS, INC.', 42, '0000000537', 'CC Baby Teether Bear Design'),
(591, 'STARDUST INFANT WEARS, INC.', 42, '0000000538', 'CC Baby Teether Butterfly Design'),
(592, 'STARDUST INFANT WEARS, INC.', 43, '0000000531', 'CC Bottle Brush w/Nipple Brush'),
(593, 'STARDUST INFANT WEARS, INC.', 44, '0000000539', 'CC Shavy Razer x 12s'),
(594, 'ULTRAFOODS', 45, '0000000106', 'MENU MAGIC JELLY YELLOW 24G'),
(595, 'ULTRAFOODS', 45, '0000000107', 'MENU MAGIC JELLY RED 24G'),
(596, 'ULTRAFOODS', 45, '0000000108', 'MENU MAGIC JELLY MELON 24G'),
(597, 'ULTRAFOODS', 45, '0000000109', 'MENU MAGIC JELLY MANGO 24G'),
(598, 'ULTRAFOODS', 45, '0000000110', 'MENU MAGIC JELLY LECHE FLAN'),
(599, 'ULTRAFOODS', 45, '0000000111', 'MENU MAGIC JELLY GREEN 24G'),
(600, 'ULTRAFOODS', 45, '0000000113', 'MENU MAGIC JELLY CLEAR 24G'),
(601, 'ULTRAFOODS', 45, '0000000114', 'MENU MAGIC JELLY BUKO STRIPS'),
(602, 'ULTRAFOODS', 45, '0000000115', 'MENU MAGIC JELLY BUKO PANDAN'),
(603, 'ULTRAFOODS', 45, '0000000116', 'MENU MAGIC JELLY BLACK 24G'),
(604, 'ULTRAFOODS', 25, '0000000102', 'MENU MAGIC SINIGANG MIX 11G'),
(605, 'ULTRAFOODS', 25, '0000000105', 'Menu Magic Pork Cube 10g'),
(606, 'ULTRAFOODS', 25, '0000000117', 'Menu Magic Chicken Cube 10gx12'),
(607, 'ULTRAFOODS', 25, '0000000118', 'MENU MAGIC BREADING 35GX288'),
(608, 'ULTRAFOODS', 25, '0000000119', 'MENU MAGIC BREADING MIX 100G'),
(609, 'ULTRAFOODS', 25, '0000000120', 'Menu Magic Beef Cube 10gx12x48'),
(610, 'ULTRAFOODS', 25, '0000000402', 'PAROLA BLACK BEANS 120G X 80'),
(611, 'ULTRAFOODS', 25, '0000000411', 'Pork Powder SoupBase 1kg x 10'),
(612, 'ULTRAFOODS', 25, '0000000426', 'Menu Chicken Powder SoupBase 1Kg'),
(613, 'ULTRAFOODS', 25, '0000000427', 'Menu Beef Powder SoupBase 1Kg'),
(614, 'ULTRAFOODS', 25, '0000000428', 'Menu Beef Broth 1kg x 10'),
(615, 'ULTRAFOODS', 25, '0000000429', 'Menu Ginisa 1kg x 10'),
(616, 'ULTRAFOODS', 25, '0000000430', 'Menu Chicken Broth 1kg. x 10'),
(617, 'ULTRAFOODS', 25, '0000000431', 'Menu Pork Broth 1kg. X 10'),
(618, 'ULTRAFOODS', 25, '0000000432', 'Menu Shrimp powder 1kg. x 10'),
(619, 'ULTRAFOODS', 25, '0000000434', 'Menu Magic Jelly Buko Pandan 250Gx40'),
(620, 'ULTRAFOODS', 25, '0000000436', 'MENU MAGIC JELLY CLEAR 250GX40'),
(621, 'ULTRAFOODS', 25, '0000000438', 'Liquid Seasoning 1cs x 4'),
(622, 'ULTRAFOODS', 25, '0000000494', 'White Pepper 14pack x 500g'),
(623, 'ULTRAFOODS', 25, '0000000495', 'Black Pepper 1kg x10'),
(624, 'ULTRAFOODS', 25, '0000000496', 'Onion Powder 14pack x 500g'),
(625, 'ULTRAFOODS', 25, '0000000497', 'Garlic Powder 14pack x 500g'),
(626, 'ULTRAFOODS', 25, '0000000498', 'Salted Egg Powder 500g x 14'),
(627, 'ULTRAFOODS', 25, '0000000596', 'Menu Tamarind SoupBase 800g x 10'),
(628, 'ULTRAFOODS', 25, '0000000597', 'Cayene Powder 500g'),
(629, 'ULTRAFOODS', 25, '0000000647', 'Vanilla Panna Cotta 1kg'),
(630, 'ULTRAFOODS', 25, '0000000648', 'Chocolate Panna Cotta 1kg.'),
(631, 'ULTRAFOODS', 25, '0000000649', 'Soy Sauce Gallon Plain'),
(632, 'ULTRAFOODS', 25, '0000000650', 'Cane Vinegar Gallon'),
(633, 'ULTRAFOODS', 46, '0000000449', 'Toyomansi w/ Garlic 1csx4 gallon'),
(634, 'ULTRAFOODS', 46, '0000000450', 'Worcestehrshire Sauce 1csx 4galloon'),
(635, 'ULTRAFOODS', 46, '0000000611', 'Toyomansi Gallon'),
(636, 'ULTRAFOODS', 46, '0000000612', 'Cumin Powder 500g'),
(637, 'ULTRAFOODS', 46, '0000000613', 'Paprika 500g'),
(638, 'ULTRAFOODS', 46, '0000000614', 'Soy Sauce Gallon - toyomansi');

-- --------------------------------------------------------

--
-- Table structure for table `product_category`
--

CREATE TABLE `product_category` (
  `id` int(11) NOT NULL,
  `name` varchar(128) NOT NULL
) ENGINE=InnoDB DEFAULT CHARSET=utf8mb4;

--
-- Dumping data for table `product_category`
--

INSERT INTO `product_category` (`id`, `name`) VALUES
(2, 'Shampoo'),
(3, 'HAIR TREATMENT'),
(4, 'CANNED GOODS'),
(5, 'CANDY'),
(6, 'SOAP'),
(7, 'LOTION'),
(8, 'BODYWASH'),
(9, 'GEL'),
(10, 'COLOGNE'),
(11, 'FACIAL CLEANSER'),
(12, 'CREAM'),
(13, 'DEODORANT'),
(14, 'SANITIZER'),
(15, 'DETERGENT'),
(16, 'TOOTHBRUSH'),
(17, 'NOODLES'),
(18, 'COOKING OIL'),
(19, 'LIQUID DISHWASHING'),
(20, 'TOILET CLEANER'),
(21, 'AIR FRESHENER'),
(22, 'DISINFECTANT'),
(23, 'COFFEE'),
(24, 'WATER'),
(25, 'CONDIMENTS'),
(26, 'TONER'),
(27, 'DIETARY'),
(28, 'CANDLE'),
(29, 'JUICE'),
(30, 'ICE CANDY'),
(31, 'JELLYACE'),
(32, 'BREAD'),
(33, 'JELLY STIX'),
(34, 'TISSUE'),
(35, 'SNACKS'),
(36, 'ALCOHOL'),
(37, 'DIAPERS'),
(38, 'NIPPLES'),
(39, 'FEEDING BOTTLE'),
(40, 'MILK CONTAINER'),
(41, 'PACIFIER'),
(42, 'TEETHER'),
(43, 'BOTTLE BRUSH'),
(44, 'SHAVER'),
(45, 'JELATIN'),
(46, 'SEASONING');

-- --------------------------------------------------------

--
-- Table structure for table `province`
--

CREATE TABLE `province` (
  `id` int(11) NOT NULL,
  `province_name` varchar(128) NOT NULL
) ENGINE=InnoDB DEFAULT CHARSET=utf8mb4;

--
-- Dumping data for table `province`
--

INSERT INTO `province` (`id`, `province_name`) VALUES
(1, 'PAMPANGA'),
(2, 'TARLAC'),
(3, 'BULACAN'),
(4, 'NUEVA ECIJA'),
(5, 'BATAAN'),
(6, 'ZAMBALES');

--
-- Indexes for dumped tables
--

--
-- Indexes for table `accounts`
--
ALTER TABLE `accounts`
  ADD PRIMARY KEY (`id`),
  ADD KEY `areas` (`areas`);

--
-- Indexes for table `areas`
--
ALTER TABLE `areas`
  ADD PRIMARY KEY (`id`),
  ADD KEY `province` (`province`);

--
-- Indexes for table `location_and_time`
--
ALTER TABLE `location_and_time`
  ADD PRIMARY KEY (`id`),
  ADD KEY `location` (`location`);

--
-- Indexes for table `process`
--
ALTER TABLE `process`
  ADD PRIMARY KEY (`id`);

--
-- Indexes for table `product`
--
ALTER TABLE `product`
  ADD PRIMARY KEY (`id`),
  ADD KEY `category` (`category`);

--
-- Indexes for table `product_category`
--
ALTER TABLE `product_category`
  ADD PRIMARY KEY (`id`);

--
-- Indexes for table `province`
--
ALTER TABLE `province`
  ADD PRIMARY KEY (`id`);

--
-- AUTO_INCREMENT for dumped tables
--

--
-- AUTO_INCREMENT for table `accounts`
--
ALTER TABLE `accounts`
  MODIFY `id` int(11) NOT NULL AUTO_INCREMENT, AUTO_INCREMENT=912;

--
-- AUTO_INCREMENT for table `areas`
--
ALTER TABLE `areas`
  MODIFY `id` int(11) NOT NULL AUTO_INCREMENT, AUTO_INCREMENT=59;

--
-- AUTO_INCREMENT for table `location_and_time`
--
ALTER TABLE `location_and_time`
  MODIFY `id` int(11) NOT NULL AUTO_INCREMENT, AUTO_INCREMENT=60;

--
-- AUTO_INCREMENT for table `process`
--
ALTER TABLE `process`
  MODIFY `id` int(11) NOT NULL AUTO_INCREMENT, AUTO_INCREMENT=3;

--
-- AUTO_INCREMENT for table `product`
--
ALTER TABLE `product`
  MODIFY `id` int(11) NOT NULL AUTO_INCREMENT, AUTO_INCREMENT=639;

--
-- AUTO_INCREMENT for table `product_category`
--
ALTER TABLE `product_category`
  MODIFY `id` int(11) NOT NULL AUTO_INCREMENT, AUTO_INCREMENT=47;

--
-- AUTO_INCREMENT for table `province`
--
ALTER TABLE `province`
  MODIFY `id` int(11) NOT NULL AUTO_INCREMENT, AUTO_INCREMENT=7;

--
-- Constraints for dumped tables
--

--
-- Constraints for table `accounts`
--
ALTER TABLE `accounts`
  ADD CONSTRAINT `accounts_ibfk_1` FOREIGN KEY (`areas`) REFERENCES `areas` (`id`) ON DELETE CASCADE ON UPDATE CASCADE;

--
-- Constraints for table `areas`
--
ALTER TABLE `areas`
  ADD CONSTRAINT `areas_ibfk_1` FOREIGN KEY (`province`) REFERENCES `province` (`id`) ON DELETE CASCADE ON UPDATE CASCADE;

--
-- Constraints for table `location_and_time`
--
ALTER TABLE `location_and_time`
  ADD CONSTRAINT `location_and_time_ibfk_1` FOREIGN KEY (`location`) REFERENCES `areas` (`id`) ON DELETE CASCADE ON UPDATE CASCADE;

--
-- Constraints for table `product`
--
ALTER TABLE `product`
  ADD CONSTRAINT `product_ibfk_1` FOREIGN KEY (`category`) REFERENCES `product_category` (`id`) ON DELETE CASCADE ON UPDATE CASCADE;
COMMIT;

/*!40101 SET CHARACTER_SET_CLIENT=@OLD_CHARACTER_SET_CLIENT */;
/*!40101 SET CHARACTER_SET_RESULTS=@OLD_CHARACTER_SET_RESULTS */;
/*!40101 SET COLLATION_CONNECTION=@OLD_COLLATION_CONNECTION */;
